employer_id,pharmacy_id,FIO,position,price
1,179,William Williams,pharmacist,87025
2,166,Steven Smith,packer,139829
3,383,Tracey Parker,packer,137699
4,176,Sarah Smith,cashier,103739
5,360,Anna Greer,pharmacist,108480
6,720,James Bray,pharmacist,141189
7,952,Robin Harrell,cashier,79640
8,230,Jeffery Thompson,cleaner,97450
9,348,Michael Foley,cleaner,143904
10,79,Frederick Graves,cashier,127500
11,7,Debra Wong,pharmacist,72621
12,968,Randy Garcia,pharmacist,55036
13,436,Jeffrey Turner,packer,141016
14,650,Lisa Frazier,cashier,134846
15,421,Elizabeth Hopkins,packer,46073
16,292,Gary Mason,packer,123670
17,396,Ashley Bradford,cleaner,102812
18,68,Catherine Sosa,cleaner,84741
19,600,Joseph Patel,cashier,130061
20,231,Latoya Scott,packer,137354
21,572,Richard Payne,cashier,121974
22,835,Erik Bryant,chemist,98923
23,596,Cassandra Smith,cleaner,104882
24,111,Sonya Chapman,cashier,57854
25,208,Wayne Quinn,cashier,62614
26,10,Marc Mata,cleaner,122708
27,622,Donna Parsons,packer,74049
28,129,Thomas Cox,cleaner,113061
29,571,Brian Fritz,chemist,104755
30,702,Michaela Roberts,packer,120181
31,16,Lisa Ball,pharmacist,86607
32,723,Kyle Vasquez,chemist,96614
33,81,Bianca Harvey,chemist,107341
34,285,Kathleen Lewis,chemist,83939
35,570,Christopher Warren,chemist,60529
36,727,Todd Moore,chemist,73830
37,157,Michael Randall,cleaner,47783
38,350,Carla Ward,chemist,144166
39,654,Karen Hicks,chemist,115691
40,405,Jennifer Moss,chemist,125068
41,415,Elizabeth Miller,packer,94795
42,870,Robert Harris,cashier,84748
43,847,Carl Nichols,pharmacist,116591
44,686,Tara Wagner DVM,cashier,91165
45,70,Dawn Griffin,chemist,98993
46,303,Elizabeth Elliott,cleaner,92512
47,493,Shelby Warren,packer,43441
48,428,Brittany Landry,packer,123660
49,592,Michael Harrison,cleaner,109362
50,304,Matthew Walters,chemist,124269
51,125,Sabrina Valencia,cashier,106903
52,855,Ms. Erin Evans,chemist,90675
53,401,Meredith Wallace,packer,54966
54,362,Kelly Vasquez,cashier,131972
55,988,William Rogers,chemist,88330
56,293,Jennifer Smith,cashier,50696
57,628,Carrie Garza,cleaner,139941
58,532,Joseph Escobar,pharmacist,123013
59,98,Jessica Smith,pharmacist,65646
60,867,Michael Richards,cleaner,135881
61,272,Luis Johnson,chemist,137211
62,404,Ashley Carey,cleaner,85397
63,74,Amber Jordan,chemist,130680
64,839,Lori Holder,cleaner,77050
65,899,Robert Johnson,chemist,127841
66,635,Daniel Nguyen,cleaner,142356
67,940,Michael Reese,chemist,110268
68,969,Mr. James Davies,packer,129188
69,752,Natalie Cole,cleaner,124259
70,696,Carrie Duncan,cleaner,92308
71,51,Michael Morgan,pharmacist,109139
72,529,Corey Riley,chemist,45271
73,173,Lynn Ramirez,chemist,135642
74,528,Susan Nolan,chemist,92840
75,918,Erika Mcdonald,chemist,130522
76,106,Andrew Patterson,pharmacist,79656
77,114,Bryan Garcia,packer,76883
78,717,Lisa Thompson,packer,75364
79,164,David Tapia,pharmacist,141698
80,265,Alisha Rios,packer,62671
81,21,Thomas Moore,cashier,68189
82,708,Benjamin Schmidt,packer,51148
83,34,Sue Harris,pharmacist,80853
84,413,Melissa Ryan,chemist,143271
85,58,Suzanne Nelson,pharmacist,95404
86,561,Thomas Rogers,cleaner,128372
87,453,Renee Schmitt,packer,94381
88,227,Amanda Thomas,packer,128774
89,211,Ronald Bennett,pharmacist,96061
90,282,Jason Johnston,cleaner,54134
91,464,Robert Kirk,cleaner,96075
92,616,Andrew Patrick,pharmacist,48273
93,919,Denise Tucker,cashier,131245
94,299,Nicholas Williams,cashier,88203
95,543,Joshua Contreras,cashier,99995
96,837,Norma Morrison,chemist,53862
97,359,Jon Carr,packer,142629
98,727,Steven Atkinson,pharmacist,60534
99,420,Julie Davis,packer,97507
100,445,Yolanda Chen,cashier,67252
101,653,Jeffrey Dixon,packer,69952
102,761,Tiffany Green,cashier,86937
103,148,Patricia Cooper,packer,69709
104,271,Timothy King,chemist,139595
105,72,Gabrielle Reese,cleaner,127658
106,757,Joanna Watson,packer,61454
107,646,Julia Wiggins,packer,58568
108,965,Jake Clark,cleaner,111234
109,217,Timothy Salazar,pharmacist,61403
110,285,Carl Walters,chemist,85224
111,728,Tyrone Brewer,packer,79386
112,890,Donald Callahan,pharmacist,74110
113,132,Melanie Brown,cashier,85504
114,535,Joseph Cruz,chemist,134563
115,175,Brandon Wolf,pharmacist,138613
116,754,Michelle Schwartz,cleaner,123797
117,991,Mary Wells,chemist,144371
118,439,Barbara Taylor,cleaner,82203
119,609,Betty Anderson,packer,113869
120,344,Michael Torres DDS,packer,115633
121,460,Mr. Christian Dougherty,chemist,123188
122,527,Charles Simmons,packer,51966
123,116,Jeremy Underwood,chemist,144316
124,695,Timothy Odom,cleaner,68086
125,614,Barbara Smith,packer,147685
126,739,Brenda Davis,chemist,127037
127,967,Heather Davies,pharmacist,48023
128,113,Valerie Lara,packer,90645
129,29,Yolanda Harris,cashier,94389
130,459,Jennifer Estrada,chemist,94743
131,514,Kayla Patterson,cashier,45553
132,217,Nicole James,pharmacist,122628
133,503,Melanie Leon,packer,90284
134,131,Amy Farmer,cleaner,117092
135,820,Deanna Owens,cashier,121342
136,743,Michael Duarte,cleaner,127402
137,828,Samantha Newton,pharmacist,125820
138,900,Amy Walker,pharmacist,57729
139,473,Lance Irwin,packer,128317
140,838,Christopher Bonilla,pharmacist,92829
141,29,Gregory Bradley,cleaner,100947
142,39,Jonathan Nielsen,cleaner,64318
143,142,Ryan Chambers,chemist,99713
144,196,Russell Anderson,pharmacist,115496
145,993,Andrew Smith,cashier,116174
146,663,Amy Wilcox,cleaner,120368
147,511,Michael Brown,cleaner,97716
148,900,Ernest Reed,chemist,113938
149,727,Debra Bailey,pharmacist,70716
150,821,Jessica Suarez,packer,96877
151,347,Robert Lin,chemist,49129
152,504,Edward Robinson,pharmacist,88553
153,895,Aaron Murray,cashier,56129
154,718,Richard Dominguez,packer,137346
155,587,Jennifer Phillips,chemist,47168
156,464,Luke Smith,pharmacist,134764
157,749,Kelly Walker,chemist,67741
158,85,Candice Nguyen,chemist,101486
159,249,Jennifer Jones,cashier,124942
160,25,Manuel Fisher,cleaner,141315
161,100,Margaret Parker,packer,121808
162,99,Makayla Juarez,cleaner,83484
163,779,Justin Yates,pharmacist,89635
164,133,Cindy Calderon,chemist,82826
165,353,William Mills,packer,63869
166,135,Megan Bradley,packer,82890
167,187,Rodney Aguilar,pharmacist,84084
168,931,Megan Wilson,cleaner,52154
169,404,Richard Figueroa,cleaner,143174
170,680,Justin Horne,cleaner,117098
171,422,Leon Garcia,cashier,66815
172,21,John Ray,packer,82954
173,22,Michael Brown,cleaner,105164
174,844,Kristen Carroll,chemist,116130
175,594,Connie Parrish,chemist,102327
176,85,Rodney Dillon,cashier,62589
177,837,Anthony Martinez,cleaner,110794
178,942,Sandra Colon,chemist,140382
179,597,Julia Lopez,chemist,130296
180,200,Patrick Doyle,pharmacist,143595
181,736,Wendy Drake MD,chemist,76025
182,721,Lynn Moore,pharmacist,146258
183,918,Steven Harrison,packer,115875
184,264,April Holmes,cashier,124381
185,209,Robert Mejia,cashier,70170
186,496,Patricia Henderson,chemist,127615
187,308,Bonnie Calderon,packer,106283
188,481,Alex Jackson,chemist,111040
189,976,Dr. Brandon Smith,cashier,144056
190,306,Teresa Reilly,pharmacist,60766
191,533,Brittany Taylor,cashier,94848
192,214,Daniel Martin,pharmacist,43018
193,90,Jacqueline Morales,cashier,145574
194,859,Joshua Trevino,cashier,93657
195,451,Miguel Bennett,packer,64923
196,498,Crystal Allison,cashier,125835
197,579,Rachel Parker,chemist,102391
198,866,James Peters,pharmacist,88551
199,647,Megan Melton,cleaner,82662
200,694,Connie Hurley,pharmacist,54211
201,287,Virginia Singh,cashier,92756
202,665,Jill Mendez,chemist,135930
203,797,Renee Bennett,cleaner,87036
204,609,Krista Weber,pharmacist,51448
205,235,Gary Garcia,chemist,67441
206,949,Michael Aguilar,cashier,56424
207,436,Sharon Jordan,packer,101703
208,584,Christopher Walters,cashier,48996
209,71,Stefanie Mccarthy,chemist,70313
210,310,Michael Garrett,chemist,70439
211,10,Isabella Waters,chemist,80982
212,293,Stephanie White,cashier,113611
213,650,Mr. Shawn Reid,packer,106402
214,932,Amy Clark,pharmacist,138442
215,205,Christopher Thomas,packer,58707
216,197,Susan Vasquez,chemist,49681
217,467,William House,cashier,61392
218,203,Carly Diaz MD,packer,118864
219,154,Joseph Robinson,chemist,61080
220,645,Andrew Mullins,cashier,95662
221,7,Aaron Fitzgerald,cashier,70869
222,230,Susan Nelson,chemist,130264
223,456,Jennifer Stephens,chemist,98353
224,119,Cassandra Cortez,cleaner,107345
225,474,Andrew Stafford,chemist,95132
226,516,Jeremy Owen,cashier,46872
227,918,David Cox,pharmacist,130813
228,766,Matthew Smith,cashier,71971
229,523,Rickey Perez,cashier,112261
230,328,Joseph Thompson,packer,57531
231,344,Catherine Castillo,cashier,50891
232,289,Jordan Donaldson,cleaner,48635
233,539,Rebecca Jimenez,chemist,68689
234,546,Rachel Walton,cashier,148739
235,276,Meghan Kim,packer,42972
236,796,Catherine Rice,packer,64970
237,964,Amanda Price,chemist,142297
238,954,James Fuller,cleaner,119312
239,186,Lynn Stevens,packer,51071
240,996,Steve Murillo,cleaner,75619
241,962,Juan Russell,cashier,54230
242,457,Evelyn Duncan,pharmacist,88495
243,600,Rebecca Dawson,cashier,58302
244,309,Dana Davis,chemist,109982
245,819,Adam Cruz,cashier,100296
246,257,Joshua Floyd,packer,140428
247,525,Timothy Hinton,cashier,125095
248,293,Angela Ramirez,packer,117056
249,613,Rachel Myers,packer,121261
250,966,Andre Robinson,cleaner,60865
251,600,Andre Smith,chemist,100399
252,277,Bryan Cox,cashier,105465
253,900,Adam Edwards,cashier,76647
254,26,Meghan Duncan,cleaner,78024
255,971,Mark Wilson,cashier,118295
256,359,Lisa Woodward,packer,42063
257,99,Debbie Stark,chemist,60653
258,51,Jennifer Miller,chemist,93920
259,154,David Tanner,pharmacist,112519
260,602,Fernando Mcdonald,chemist,98950
261,949,Jacob Evans,packer,80372
262,732,Joshua Smith,chemist,90367
263,994,Patrick Sharp,chemist,98877
264,806,Willie Holmes,cashier,86974
265,934,Mrs. Claire Patterson MD,chemist,120214
266,546,Melissa Orr,cleaner,121035
267,203,Brandon Richards,cashier,56716
268,480,Leslie Dennis,pharmacist,47254
269,126,Madison Hampton,cleaner,102816
270,86,Rebecca Jimenez,pharmacist,51346
271,2,Spencer Lopez,packer,87984
272,680,Jody Chung,cashier,59537
273,208,Colton Duran,packer,91036
274,605,Ashley Buchanan,cashier,68906
275,817,Jeffery Barrett,cashier,89369
276,635,Angela Brock,cashier,47921
277,503,Amanda Schultz,cashier,144909
278,164,Anthony Jackson,cleaner,128870
279,884,Travis Reed,packer,121619
280,56,Bradley Cordova,cashier,114444
281,111,Sharon King,cashier,50196
282,194,Dominique Smith,pharmacist,80225
283,31,Stephanie Jones,cashier,68531
284,951,Alexander Nguyen,cashier,47902
285,814,Cynthia Taylor,cashier,104403
286,473,Scott Howell,packer,45419
287,828,Elizabeth Stanley,cashier,80815
288,14,Ashley Baker,packer,85573
289,339,Jennifer Doyle,cleaner,149516
290,918,Brenda Graham,pharmacist,85781
291,711,Samantha Mahoney,cleaner,50102
292,172,Crystal Wright,pharmacist,77082
293,151,Kevin Adams,pharmacist,104455
294,351,Charles Jones,pharmacist,121984
295,864,Sabrina Lee,pharmacist,43872
296,482,Jordan Wilson,chemist,58953
297,185,Raymond Hamilton,cashier,80379
298,309,Wesley Hale,pharmacist,92267
299,764,Ruth Bradley,cleaner,145083
300,352,Christopher Wilson,cashier,89761
301,954,Stacy Rodriguez,packer,134866
302,150,Chris Fox,cleaner,121598
303,733,Robert Morales,cleaner,116157
304,766,David Freeman,packer,59310
305,76,Brent Martin,pharmacist,110159
306,285,Nicholas Larsen,cashier,145929
307,700,Sara Fry,cashier,52543
308,217,Sandra Williams,cashier,99561
309,188,Stephen Perez,pharmacist,91208
310,915,Kristi Reid,cleaner,47620
311,556,Taylor Smith,chemist,53842
312,900,Molly Duarte,cashier,72327
313,204,Leslie Fields,packer,70637
314,565,Craig Gordon,cashier,74483
315,393,Allison Leonard,pharmacist,122254
316,488,Charles Adams,cleaner,103756
317,687,Stephen Torres,pharmacist,73327
318,523,Terrance Lane MD,cashier,102612
319,766,Rachel Guerra,packer,88273
320,891,Edward Baldwin,chemist,49794
321,189,Denise Wheeler,pharmacist,69385
322,268,William Hart,cashier,97306
323,695,Tabitha Padilla,packer,124868
324,472,Crystal Thompson,cashier,71019
325,496,Deborah Martin,packer,55482
326,588,Miguel Velasquez,packer,148938
327,6,Dillon Phillips,cashier,90602
328,491,Martin Howard,pharmacist,107962
329,929,Victoria Jordan,pharmacist,66825
330,862,Kim West,cashier,124810
331,640,Christy Walker,cashier,114406
332,209,Tanya Jordan,cashier,116139
333,949,Rachel Kaiser,cleaner,146192
334,22,Shelley Wong,cashier,120150
335,468,Joseph Campbell,chemist,102985
336,898,Clinton Burns,cashier,82403
337,444,Wendy Garcia,pharmacist,133017
338,929,Ashley Buck,chemist,94371
339,188,John Good,cleaner,145488
340,279,Mallory Hodge,packer,68792
341,904,Keith Mckee,chemist,126783
342,518,Thomas Harmon,cashier,52809
343,506,Cheryl Barnett,cashier,111464
344,591,Jessica Carter,chemist,97170
345,990,Jennifer Mcdonald,cashier,68361
346,608,Ashley Schaefer PhD,pharmacist,75253
347,30,Julie Williams,cashier,124002
348,978,Samantha Keith,pharmacist,100362
349,873,Ian Skinner,packer,73706
350,109,Tammy Byrd,pharmacist,65851
351,839,Judith Brooks MD,cashier,51606
352,158,James Hamilton,cleaner,95059
353,442,Elijah Marks,packer,149310
354,768,Jennifer Taylor DDS,chemist,117237
355,989,Cheryl Edwards,chemist,136870
356,492,Kyle Swanson,chemist,70701
357,981,Crystal Nelson,pharmacist,145692
358,228,Rebecca Christensen,cleaner,49819
359,357,Sarah Tucker,cashier,66747
360,320,Anthony Smith,chemist,118611
361,275,Belinda Barton,cleaner,101366
362,963,James Collins,chemist,102826
363,876,Kathleen Nguyen,pharmacist,94699
364,288,Amy Roberson,cashier,89201
365,5,David Curry Jr.,cashier,92732
366,535,Terry Williams,cashier,137960
367,895,Alexis Bird,cashier,107551
368,866,Jorge Welch,chemist,124874
369,374,Susan Bernard,chemist,57592
370,672,Justin Fernandez,chemist,115420
371,607,Mrs. Kelsey Wilson MD,pharmacist,62738
372,381,Donald Cobb,pharmacist,124592
373,357,Megan Sanchez,chemist,140249
374,264,Susan Hernandez,chemist,137577
375,316,Donna Daugherty DVM,packer,93624
376,118,Carrie Landry,cashier,144846
377,236,Connor Shah,pharmacist,134023
378,33,Tammy Randall,pharmacist,109794
379,768,Deborah Parrish,cleaner,94166
380,77,Gary Walsh,chemist,146373
381,954,Alex Lowe,chemist,131514
382,33,Kayla Shaffer,chemist,124059
383,842,Savannah Fuller,cleaner,138507
384,503,Michele Vance,packer,54237
385,711,Savannah Edwards,cashier,137681
386,479,Brittany Moore,pharmacist,126818
387,145,Daniel Wu,packer,102634
388,502,Matthew Carlson,cashier,88000
389,668,Heather Brown,packer,121027
390,134,Bryan Williamson,chemist,77330
391,214,Tanya Johnson,packer,89693
392,588,Brittany Brown,pharmacist,60165
393,416,Barbara Reid,cashier,123964
394,917,Nathaniel Bernard,packer,112126
395,344,Marcus Patton,cleaner,144363
396,381,Edward Smith,packer,116805
397,780,Elizabeth King,packer,49611
398,795,Susan Harris,cleaner,145621
399,620,Alvin Smith,cashier,58279
400,991,Claudia Lee,cleaner,107335
401,247,Sharon Sherman,pharmacist,109367
402,34,Dakota Allison,cashier,129854
403,10,Brittany Carter,pharmacist,124763
404,919,Jeffery Lewis,packer,85340
405,361,Theresa Ford,packer,101608
406,897,Emily Cook,chemist,149439
407,140,Paula Ferguson,cashier,135035
408,554,Matthew Henderson,pharmacist,101161
409,72,Colleen Booth,cleaner,68639
410,813,David Cooper,chemist,43269
411,91,Carlos Mann,cleaner,40391
412,506,Michael Nelson,chemist,53744
413,147,Tonya Perez,cleaner,93258
414,884,Charles Moore,cashier,76642
415,873,Frank Johnston,pharmacist,61847
416,915,Emily Schultz,pharmacist,52275
417,307,Laura Santiago,packer,149821
418,993,Erin Long,cleaner,98027
419,545,Andrea Bennett MD,cashier,63383
420,645,Stephen Nielsen,cashier,132711
421,823,Laura Hamilton,packer,59793
422,987,Eduardo Ramirez,chemist,62472
423,731,Melissa Brown,chemist,56756
424,982,Cynthia King,pharmacist,71543
425,68,Robert Reyes,chemist,140212
426,375,Mr. Joshua Herrera,chemist,70070
427,943,Shawna Yates,pharmacist,139012
428,972,William Torres,chemist,73780
429,273,Tracy Russell,chemist,73286
430,952,Robert Barron,pharmacist,75709
431,544,Veronica Scott,cashier,61429
432,18,Tyler Hernandez,cleaner,58282
433,533,Jeremy Melendez,cleaner,126415
434,427,Stephanie Cooley,cleaner,124401
435,743,Cynthia Murphy,pharmacist,120489
436,216,Joseph Allen,packer,62211
437,539,Joshua Underwood,cashier,71890
438,417,Jennifer Freeman,packer,61008
439,507,Bradley Brown,cashier,52628
440,82,Andrew Richards,cleaner,46773
441,546,David Bradley,packer,80496
442,853,Yvonne Reeves,chemist,42296
443,782,Teresa Morgan,packer,66798
444,503,Joshua Meyers,chemist,41753
445,174,William Mason,packer,126414
446,814,Mark Flores,cashier,81734
447,924,Terry Brown,packer,137195
448,476,Stephanie Hill,cleaner,105403
449,191,Sherri Palmer,pharmacist,130079
450,476,Natalie Cannon,pharmacist,96747
451,217,David Morris,chemist,40824
452,699,Jacob Robles,packer,101409
453,819,Eric Kelley,cleaner,87400
454,351,Amanda Brown,cashier,123307
455,900,Kevin Mckay,chemist,76688
456,843,Jason Wallace,cashier,104328
457,685,Desiree Chan,cleaner,131608
458,583,Jesse King,cleaner,48142
459,521,Donna Jackson,cashier,126345
460,985,Thomas White,cashier,144687
461,588,Tamara Hobbs,chemist,139536
462,251,Nathaniel Short,cleaner,142599
463,996,Dorothy Hammond,packer,78265
464,7,Joshua Scott,packer,145844
465,377,Timothy Berry,pharmacist,72006
466,729,Jennifer Cortez,packer,144920
467,898,Brian Edwards,chemist,138252
468,518,Charles Wilson,cleaner,70821
469,551,David Edwards,cleaner,147143
470,885,Olivia Wright,pharmacist,61083
471,883,Peter Berger,chemist,82724
472,889,Robert Bauer,packer,135806
473,496,Justin Lyons,packer,106500
474,174,Tracy English,cashier,132639
475,64,Kimberly Fields,cashier,91866
476,499,Lauren Thomas,cashier,88859
477,446,Benjamin Singh,chemist,119596
478,618,Jonathan Murphy,cleaner,120269
479,487,Mary Garcia,cleaner,63831
480,457,Joshua Orozco,cashier,144518
481,964,Bryan Green,pharmacist,48948
482,761,Derek Johnson,packer,71057
483,30,Theresa Avila,pharmacist,77507
484,392,Jacob Ramos,packer,90552
485,725,Michele Walker,packer,135577
486,35,Lisa Greene,cleaner,52264
487,341,Nicholas Diaz,chemist,108412
488,884,Amy Smith,chemist,63638
489,323,Jill Ramos,cashier,129363
490,650,Joseph Andrews,chemist,69129
491,66,Rebecca Ritter,cleaner,103571
492,715,Casey Campbell,packer,94324
493,428,Melissa Lee,cleaner,141148
494,782,Brian Williams,pharmacist,90127
495,649,Felicia Velazquez,chemist,118807
496,498,Katherine Williams,chemist,117224
497,962,Mary Lynch,pharmacist,102126
498,103,Katie Lopez,pharmacist,78976
499,854,James Graham,cleaner,118964
500,176,Seth Howard,pharmacist,64692
501,979,Phillip Gomez,packer,43233
502,404,Megan Baker,chemist,126785
503,201,Mr. Gregory Walter,packer,110035
504,479,Robert Hoffman,cashier,121006
505,147,Angela Contreras,packer,45544
506,37,Tiffany Harmon,pharmacist,98405
507,920,Sharon Brown,cleaner,134394
508,699,Miguel Powell,cleaner,50997
509,995,Holly Zavala,cashier,59664
510,322,Kimberly Delacruz,pharmacist,117817
511,426,Kayla Ward,chemist,85552
512,523,Maria Hernandez,pharmacist,121880
513,465,Amy Torres,cashier,105634
514,168,Tanya Quinn,cashier,100351
515,295,Debra Stephens,chemist,68205
516,327,Daniel Logan,pharmacist,74804
517,839,Carolyn Jones,cashier,145159
518,398,Victoria Dennis,pharmacist,95774
519,888,Anthony Mckay,chemist,129600
520,541,Stephen Bruce,packer,97084
521,878,Sherry Lee,packer,70049
522,30,Gregory Boyd,pharmacist,116905
523,695,Craig Mcmillan,packer,95965
524,854,Dale Lopez,cleaner,63236
525,90,Bobby Ramirez,pharmacist,97153
526,180,Alicia Miller DVM,chemist,92740
527,741,Eric Hebert,pharmacist,69271
528,694,Frank Rivera,cashier,62101
529,527,Alexandria Allen,cleaner,48378
530,606,Beverly Sanchez,chemist,61654
531,924,Vanessa Edwards,cleaner,62984
532,297,Christina Larson,packer,45627
533,539,Crystal Brown,cashier,80016
534,84,Lindsay Tucker,chemist,71131
535,350,William Arias,cashier,119653
536,329,Richard Erickson,chemist,59925
537,17,Amy Allen,pharmacist,128251
538,32,Lisa Bright,cashier,79652
539,950,Philip Moreno,cleaner,136814
540,388,Courtney Butler,cashier,131220
541,466,Brett Thompson,cashier,83697
542,445,Alan Harris,cleaner,108778
543,163,Jessica Booker,pharmacist,74032
544,474,Alicia Morgan,cashier,66808
545,487,Matthew Salinas,cleaner,60998
546,727,Nathaniel Robinson,packer,131970
547,660,Megan Moreno,cashier,69739
548,748,Amy Lee,packer,71418
549,833,Elizabeth Bradley,pharmacist,67577
550,885,Monica Mckee,pharmacist,108542
551,784,Jacqueline Rhodes,chemist,110645
552,345,Christine Cox,cleaner,100459
553,78,Louis Rogers,packer,117838
554,848,Harry Daniels,pharmacist,66993
555,989,Mr. Derrick Jones V,cashier,98270
556,186,Emma Roman,cashier,48295
557,426,Kevin Martinez,cleaner,81781
558,499,Jeremiah Marshall,cashier,114808
559,529,Mrs. Tracy Nichols,cashier,49745
560,445,Tammie Steele,cashier,146709
561,437,Ashley Waters,pharmacist,67986
562,271,Adam Pittman,pharmacist,84986
563,645,Jordan Baker,packer,131722
564,929,Kimberly Green,pharmacist,133867
565,153,Paul Henderson,pharmacist,96073
566,915,Mark Yates,pharmacist,88275
567,418,Melissa Owens,packer,139648
568,938,Melissa Perez,packer,69630
569,592,Russell Evans,pharmacist,56652
570,157,Valerie Knox,cleaner,102638
571,322,Joshua Robbins,packer,112799
572,500,Carla Smith,packer,72616
573,148,Abigail Hernandez,cashier,53372
574,143,Kathryn Hill,cashier,82592
575,324,Andrew Grant,pharmacist,72661
576,155,Tony Andrade,cashier,121655
577,487,Shannon Smith,cleaner,101632
578,132,Steven Simpson,pharmacist,106844
579,81,Alec Dominguez,chemist,78453
580,173,Alejandra Lester,packer,111229
581,426,Ernest Wolfe,packer,77914
582,263,Craig Wolf,cleaner,88849
583,308,Brittany Suarez,cleaner,42885
584,652,Michael Wright,packer,48654
585,909,Wendy Rivera,cashier,148744
586,608,Timothy Smith,cleaner,138117
587,54,Scott Brooks,chemist,149934
588,552,Tabitha Oconnor,chemist,141534
589,256,Robin Fitzpatrick,packer,53551
590,450,Lisa Ware,cashier,45617
591,836,Jonathan Brown,cashier,78209
592,538,Breanna Wolfe,cleaner,51820
593,630,Michael Silva,cleaner,147772
594,813,James Matthews,chemist,140408
595,28,Kathryn Smith,packer,135559
596,185,Brittany Flores,pharmacist,89398
597,497,Carolyn Caldwell,cleaner,116635
598,665,Raymond Le,cashier,104837
599,211,Ryan Mcmahon,chemist,99116
600,294,Kelly Mclean,chemist,55569
601,977,Carol Evans,cleaner,112290
602,619,Julie Sullivan,cleaner,146032
603,163,Roberto Cummings,cashier,122840
604,938,Brittany Nolan,cleaner,107424
605,588,Stephanie Howell,cleaner,128485
606,265,Benjamin Mendoza,packer,58682
607,805,Sarah Cervantes,cleaner,67620
608,759,Christian Durham,chemist,127888
609,267,Heather Walters,chemist,139466
610,331,Katherine Mayer,cleaner,99503
611,915,Teresa Sanchez,cleaner,42304
612,251,Ariana Simon,cashier,132763
613,72,Madison Cochran,cleaner,121635
614,178,Christina Parker,pharmacist,40665
615,794,Natalie Sanchez,pharmacist,90262
616,2,Louis Montoya,cleaner,58222
617,469,Sandra Yang,cleaner,121238
618,146,Karen Gray,cleaner,60806
619,418,Jeremy Lewis,cleaner,119391
620,43,Michael Park,pharmacist,55446
621,995,Robert Phillips,cleaner,116504
622,912,Cassie Price,packer,123129
623,803,Jessica Lopez,pharmacist,43312
624,922,Mary Williams,packer,62866
625,293,Stephanie Huynh,cleaner,88080
626,211,Monica Smith,packer,71844
627,124,Denise Hall,cashier,129758
628,351,Lawrence Farrell,cashier,75012
629,556,Christopher Bell,chemist,74417
630,311,Taylor Johnson,cleaner,83324
631,280,Anthony Petersen,cleaner,140925
632,359,Alison Johnson,packer,140455
633,792,Mark Johnson,pharmacist,75810
634,136,Natalie Bush,cleaner,91701
635,424,David Aguilar,pharmacist,145193
636,780,Donna Pugh,cleaner,42294
637,513,Alexander Massey,cleaner,58267
638,148,Tracy Lynn,chemist,55313
639,935,Deborah Kelly,packer,86568
640,990,Melissa Sanders,cleaner,81115
641,186,William Nguyen,chemist,46964
642,295,Christopher Turner,chemist,138443
643,889,Rebecca Lee,cashier,86851
644,897,James Mccoy,cashier,46376
645,247,Brian Martin,pharmacist,80811
646,855,Emily Garrison,packer,111928
647,756,Ms. Julie Taylor,chemist,115039
648,432,Katie Dominguez,cashier,94267
649,852,Tonya Mckinney,cashier,115730
650,76,Shawn Parker,pharmacist,44240
651,72,Jesus Dodson,pharmacist,93049
652,144,Robert Romero,cleaner,42747
653,145,Michaela Williams,chemist,50205
654,333,Victoria Chapman,cashier,66001
655,640,Stephanie Romero,packer,140962
656,479,Megan Daniels,cleaner,78561
657,716,Pamela Buckley,pharmacist,53570
658,531,Lisa Cantu,packer,96289
659,902,Sabrina Russell MD,cleaner,127517
660,823,Johnny Farley,chemist,44408
661,225,Brittany Caldwell,cleaner,84838
662,924,Shaun Baker,cashier,45578
663,421,Rachel Pham,packer,60875
664,524,John Johnson,packer,67757
665,913,Benjamin Berg,packer,105761
666,56,Melissa Little,cleaner,92477
667,759,Melissa Porter,packer,44495
668,736,James Lloyd,chemist,109692
669,412,Jessica Jones,cleaner,149365
670,301,Heather Hughes,cleaner,147038
671,293,Sean Hughes,pharmacist,113362
672,252,Heather Moore,cleaner,56872
673,142,Peter Stone,packer,72578
674,431,Christina Reese,packer,128241
675,352,Jeffery Wood,chemist,136035
676,281,Amanda Anderson,pharmacist,145538
677,821,James French Jr.,cleaner,109659
678,785,Shawn Wise,chemist,114063
679,261,Cody Reyes,chemist,68620
680,41,Chris Fowler,pharmacist,134687
681,206,Felicia Jones,chemist,118196
682,74,James Weber,cashier,106887
683,427,Troy Thomas,cashier,110063
684,604,Jessica White,chemist,45441
685,805,Ryan Carson,packer,57250
686,278,Trevor Perry,cleaner,75439
687,974,Kyle Johnson,chemist,40807
688,246,Natalie Johnston,cleaner,90738
689,329,Daniel Boyer,packer,122987
690,78,Destiny Fisher,pharmacist,127772
691,67,Jeremy Garcia,cashier,86701
692,468,Justin Fernandez,cleaner,105445
693,353,Elizabeth Combs,pharmacist,56505
694,243,Hannah Smith,chemist,60588
695,353,Dylan Davila,chemist,144272
696,993,Katie Garrett,packer,56650
697,82,Miss Sarah Rogers PhD,chemist,121773
698,110,Jaime Henry,packer,52246
699,175,Samuel Russo,packer,118961
700,235,Randy Palmer,cleaner,127160
701,652,Brittany Foster,packer,112109
702,414,Scott Harris,chemist,43305
703,180,Andrew Mathews PhD,chemist,146873
704,482,Michelle Salas,pharmacist,133662
705,723,Lindsey Williams,cashier,138091
706,460,Joshua Porter,packer,93670
707,262,Mary Wallace,cashier,142363
708,805,Brian Hill,pharmacist,92448
709,858,Sandra Garrison,chemist,78541
710,254,Paige Hall,packer,130442
711,604,Mary Brown,chemist,82177
712,542,Robert Baker,cleaner,141068
713,166,Angela Frederick,cashier,83239
714,811,Steven Smith,cashier,71222
715,740,Kevin Weiss,packer,80604
716,322,Sharon Rhodes,packer,98845
717,517,Amy Warner,chemist,145722
718,432,Mike Thornton II,pharmacist,95849
719,827,Dean Hall,cleaner,71759
720,280,Miss Michelle Lee,cleaner,141129
721,821,Amy Simmons,cashier,123190
722,682,Ann Pope,cashier,76101
723,340,Jose King,packer,147224
724,410,Michael Alexander,cashier,41348
725,23,Zachary Ramirez,chemist,53286
726,595,Clayton Matthews,pharmacist,137825
727,157,Susan Vazquez,packer,81383
728,805,Diamond Wilson,chemist,132675
729,832,Nathan Day,packer,148106
730,861,Phillip Munoz,cleaner,47125
731,580,Dr. Scott Wolfe DDS,pharmacist,69112
732,179,Angela Dudley,pharmacist,81805
733,23,Emily King,pharmacist,100583
734,796,Kristi White,pharmacist,90472
735,964,Jessica James,cleaner,85132
736,48,Jeffrey Nunez,packer,107329
737,733,Andrea Ryan,chemist,109573
738,656,Cynthia Davis,pharmacist,62335
739,797,Marcus Klein,chemist,109640
740,988,Nicholas Mahoney,pharmacist,120898
741,913,Ryan Horn,cleaner,51743
742,970,Shawna Vaughn,cleaner,134659
743,873,Ralph Wilson,cashier,75254
744,506,Rhonda Huffman MD,pharmacist,91528
745,101,Robert Olsen,pharmacist,97609
746,252,Theresa Williams,packer,120585
747,170,Elizabeth Anderson,cashier,113525
748,410,Kenneth Cooley,cashier,125611
749,676,Phillip Baker,packer,75260
750,35,Jodi Bradley,packer,60816
751,849,Michael Wood MD,cleaner,148324
752,259,Stephen Chan,cashier,103066
753,541,Mary Fernandez,chemist,49135
754,113,Samuel Mckay,cashier,80469
755,445,Jonathan Holt,packer,114811
756,46,Hannah Kemp,packer,88832
757,491,Shannon Gray,chemist,98523
758,379,Samuel Pratt,pharmacist,149776
759,688,Deanna Burns,chemist,50611
760,536,Stephanie Vaughan,cashier,143225
761,60,Alexis Murphy,pharmacist,138124
762,258,Nicole Nunez,cashier,110038
763,219,Lisa Hill,packer,43085
764,22,Benjamin Bowman,cashier,113885
765,296,Jason Jones,packer,107498
766,573,Sylvia Sanchez,chemist,69571
767,484,Christine Moore,pharmacist,72679
768,198,David Pacheco,pharmacist,79046
769,934,Catherine Miller,packer,40984
770,348,Ryan Larson,cleaner,55917
771,825,Allen Andrews,chemist,85292
772,562,Ashley Cohen,packer,59035
773,175,Robert Johnson,chemist,108126
774,342,Donald Zamora,chemist,84831
775,670,Tyler Callahan,chemist,68144
776,526,Jasmine Yoder,chemist,88597
777,574,Donna Stevens,cashier,90853
778,467,Lori Smith,packer,62998
779,573,Brandon Young,cleaner,103134
780,505,Emily Dunlap,packer,65756
781,999,Patricia Allen,packer,109342
782,803,Mary Peters,packer,59537
783,129,Tiffany Shelton,packer,53420
784,36,Christopher Wilkerson,cleaner,68711
785,308,Charles West,cleaner,57850
786,708,Jessica Anderson,cashier,123897
787,548,Heather Curtis,packer,65507
788,273,Thomas Fleming,cleaner,84384
789,98,Robin Jones,chemist,98644
790,762,Dana Hanson,cleaner,80880
791,10,Robert Johnston,chemist,108913
792,51,Evan Tran,packer,59755
793,249,Katherine Shelton,packer,48543
794,612,Jennifer Mejia,cashier,128454
795,374,Colleen Mcmillan,pharmacist,99049
796,998,Cassandra Jackson,cleaner,124164
797,964,Patricia Meyer,packer,68219
798,76,Michael Carroll,packer,129340
799,101,Elizabeth Farmer,cashier,146875
800,842,Eric Dawson,cleaner,85707
801,151,Jennifer Alvarez,chemist,101256
802,863,Jaime Jacobs,cashier,94658
803,477,Kristen Jackson,cleaner,80892
804,925,Roy Cabrera,cashier,124314
805,951,Tracy King,cleaner,83028
806,554,Sue Bennett,pharmacist,96532
807,912,Mallory Leon,cashier,81975
808,470,Timothy Gonzales,cleaner,112786
809,126,Adam Norton,cleaner,111369
810,984,Jacob Torres,chemist,130999
811,424,Daniel Dominguez,packer,147047
812,164,Jonathan Greene,pharmacist,135596
813,356,James Petersen,chemist,88072
814,876,Sergio Mccoy,chemist,68104
815,552,Kimberly Hines,cleaner,50019
816,954,Rita Willis,cleaner,94704
817,600,Ryan Barton,pharmacist,121382
818,952,Angela Friedman,pharmacist,110529
819,277,Kevin Manning,cashier,131802
820,242,Thomas Phillips,pharmacist,84936
821,837,Michael Wilson,packer,80941
822,877,April Murphy,pharmacist,145330
823,295,Keith Bennett,packer,42844
824,899,Maria Russell,chemist,111424
825,70,Connie Smith,cashier,75372
826,169,Bethany Perez,cleaner,99869
827,694,Matthew Proctor,packer,61657
828,654,Lynn Thompson,chemist,103253
829,333,Kimberly Meyer,chemist,76128
830,433,Joseph Greene,packer,148674
831,788,Eric Parker,chemist,94045
832,136,Angela Tran,packer,58248
833,861,Charles Stark,chemist,77859
834,676,Jason Harvey,cashier,60803
835,814,Ashley Russell,cashier,110987
836,420,Louis Davis,packer,139954
837,32,Jaime Oconnor,cashier,132459
838,665,Denise Martin,cashier,48114
839,217,Todd Wilson,pharmacist,81663
840,681,Samantha Diaz,pharmacist,58831
841,122,Donna Ward,pharmacist,90913
842,644,Destiny Adams,pharmacist,119501
843,179,Marie Rivers,cashier,97886
844,264,Tracy Anderson,cashier,123752
845,48,Craig Garcia,packer,91601
846,699,Thomas Brown,chemist,58172
847,207,Amber Clark,chemist,131640
848,247,Anna Mcgee,packer,122355
849,163,Cassandra Stevens,cleaner,131054
850,541,Michelle Cervantes,cleaner,90202
851,599,Katie Alvarado,chemist,120806
852,445,Audrey Nolan,cleaner,58434
853,965,Andrew Hughes,cleaner,122786
854,778,Jesus Barrera,cashier,103927
855,496,Pamela Taylor,packer,147732
856,326,Michele Camacho,cashier,88695
857,304,Cameron Smith,cleaner,140541
858,791,Melissa Tucker,cleaner,143262
859,290,Chris Bell,packer,149112
860,945,Heather Parsons,cleaner,81268
861,271,Robert Herrera,pharmacist,49240
862,731,Erika Evans,cleaner,60765
863,39,Richard Schultz,chemist,137756
864,59,Lindsey Robertson,cleaner,79743
865,314,Tammy Murphy,chemist,47642
866,72,Lindsay Smith,pharmacist,51374
867,171,Samuel Krause,chemist,120267
868,710,Michael Sawyer,chemist,63483
869,438,Michael Smith,cashier,97431
870,157,Lisa Hardy,cashier,55440
871,136,Kelly Donovan MD,cashier,103340
872,193,James Compton,cleaner,49441
873,70,Valerie Rojas,cleaner,83526
874,631,Jeffrey Chapman,chemist,64017
875,909,Jessica French,pharmacist,92179
876,990,Vanessa Jackson,cleaner,88549
877,619,Stacy Casey,cleaner,84513
878,456,Joshua Carlson,packer,87510
879,193,Mark Williams,chemist,130396
880,600,Eric Davila,chemist,149812
881,487,Jeffery Yates MD,pharmacist,83798
882,886,Todd Boone,pharmacist,99238
883,837,Michael Baker,chemist,51206
884,683,Jessica Wheeler,packer,126697
885,131,Jennifer Rivera,pharmacist,132262
886,315,Kelsey Johnson,packer,115206
887,450,Eric Thornton,pharmacist,81629
888,694,Rachel Clark,chemist,100877
889,486,Evan Powell,chemist,91580
890,901,Nancy Franklin,pharmacist,137787
891,820,Kristina Robertson,pharmacist,137660
892,75,Breanna Diaz,packer,145739
893,251,Tonya Schmidt MD,pharmacist,124605
894,636,Sarah Williams,chemist,45953
895,803,Amy Cline,packer,61663
896,792,Danny Russell,cashier,147599
897,791,Kyle Coleman,cleaner,132666
898,73,Michael Golden,cleaner,148043
899,716,Charlotte Wilson,chemist,110083
900,602,Michelle Anderson,pharmacist,123981
901,269,Kelli Jones,chemist,80309
902,61,Jason Avila,chemist,74608
903,488,Ann Joseph,pharmacist,142601
904,183,Ashley Smith,pharmacist,121811
905,165,Allen Gonzalez,pharmacist,115334
906,481,Angela Austin,cashier,141237
907,171,Kent Smith,chemist,40840
908,827,Scott Smith,packer,92895
909,470,Barbara Gibson,cleaner,103871
910,438,Jason Perry MD,chemist,52060
911,39,Russell Allen,cleaner,66129
912,56,Charles Mitchell,cleaner,147445
913,708,James Wilson,cleaner,114287
914,631,Jessica Branch,cashier,111773
915,937,Brian Ballard,pharmacist,133191
916,107,Evan Dominguez,packer,128383
917,933,Kristin Smith,cashier,63775
918,791,Lynn Powell,cashier,88630
919,356,Sean Jackson,chemist,100553
920,493,Anthony Valentine,cashier,74579
921,594,Anthony Perez,chemist,79353
922,249,James Cooper,chemist,119785
923,47,James Orr,cleaner,119975
924,505,Paula Dennis,pharmacist,61222
925,610,Cristina Thomas,cashier,69313
926,736,Wendy Avery,packer,62089
927,948,Jose Stevens,chemist,135554
928,605,Lauren Mathews,pharmacist,114912
929,351,Jordan Tran,cleaner,145303
930,449,Dawn Mayo,cashier,61514
931,391,Adam Walters,chemist,85956
932,418,Susan Washington,cashier,133828
933,906,Leah Kirk,cleaner,146510
934,500,Stephanie Herrera,packer,132336
935,585,Caleb Mcgrath,cleaner,116362
936,879,Jeremiah Walsh,pharmacist,74813
937,441,Allison Simon,cleaner,83068
938,465,Michael Warren,cashier,101399
939,74,Crystal Miller,cashier,104039
940,690,Douglas Carter,pharmacist,145412
941,555,Brenda Smith,cleaner,140455
942,449,Scott Lopez Jr.,pharmacist,130673
943,59,Kimberly Miller,cleaner,82798
944,839,Linda Stewart,pharmacist,113652
945,27,Michelle Jones,cleaner,125956
946,931,Cheryl Brooks,packer,63929
947,397,Jacqueline Robinson,chemist,146094
948,858,Alicia Contreras,packer,55975
949,147,Shannon Ross,packer,101946
950,926,Jennifer Vasquez,packer,117614
951,167,Lisa Ponce,chemist,127383
952,784,Bryan Ramos,chemist,40029
953,594,Shari Farrell,cleaner,111684
954,921,Danielle Roberts,packer,105974
955,62,Donna Smith,cleaner,100507
956,914,Andrew Adams,cashier,141683
957,256,Colleen Osborn,cleaner,44096
958,766,Paul Watkins,chemist,82978
959,949,Lee Chandler,packer,48176
960,899,Phillip Fitzpatrick,cashier,115436
961,447,Jillian Patel,cleaner,147863
962,605,Matthew Middleton,cashier,41135
963,652,Kirsten Grant,cashier,41779
964,708,Brandon Castillo,chemist,106413
965,374,Robert Brewer,cleaner,40270
966,450,Natalie Nelson,chemist,84923
967,328,Kevin Garcia,packer,142765
968,192,David Matthews,cleaner,131221
969,599,Roberto White,chemist,121250
970,170,David Farmer,chemist,128436
971,742,Gregory Richard,chemist,81216
972,933,Kim Ritter,chemist,79540
973,636,Hector Glover,chemist,67135
974,500,Ashley Brown,packer,77063
975,601,Nicholas Adkins,cashier,80605
976,615,Paul Johnson,pharmacist,46891
977,888,Lydia Shepard,cleaner,101740
978,277,Oscar Carey,pharmacist,96321
979,960,Claudia Gonzalez,cleaner,143847
980,386,Brenda Young,cleaner,71627
981,633,Wesley Lyons,pharmacist,75938
982,77,John Patel,cashier,88048
983,860,Elizabeth Garza,pharmacist,107250
984,642,Roy Bailey,cashier,40042
985,844,Todd Hammond,packer,65866
986,399,William Hurley,packer,126885
987,922,Renee Williams,cleaner,63776
988,833,Samantha Johnson,cleaner,142317
989,12,Robert Walker,pharmacist,69408
990,632,John Thomas,cashier,101183
991,128,Linda Washington,packer,149214
992,393,Juan Hopkins,cleaner,51472
993,886,James Walker,cashier,127178
994,416,Amanda Wright,pharmacist,44200
995,812,Angela Lewis,chemist,113237
996,129,Cheyenne Jackson,cleaner,52441
997,404,Cynthia Dunn,pharmacist,117962
998,312,Benjamin Jones,chemist,75277
999,817,Matthew Potter,chemist,67077
1000,648,James James,cashier,98077
