med_id,tittle,distributor,price,expiration_date
1,describe look,Jeremy Carter,2870,2032-06-06
2,quickly entire,Sara Moody,2215,2027-11-07
3,rock back,Samantha Morgan,2228,2031-01-09
4,door partner,Alec Lyons,1493,2029-08-15
5,people start,Travis Acosta,2311,2025-05-30
6,include decade,Kyle Pope,2107,2027-03-21
7,teacher herself,Daniel Chavez,2264,2031-07-06
8,fall board,Teresa Morton,1848,2028-07-20
9,total avoid,Tiffany Avila DVM,271,2031-02-23
10,morning magazine,Scott Smith,2487,2032-01-08
11,heart occur,Anthony Solis,2945,2032-08-13
12,per decision,Sara Petty,3007,2028-02-29
13,material describe,Lisa Salazar,4204,2032-05-10
14,region trouble,Stephen Davis,1147,2030-05-18
15,off goal,Robert Molina,2173,2029-08-25
16,try approach,Michelle Mejia,1618,2030-04-22
17,huge enjoy,Michael Beltran,3221,2034-07-27
18,somebody water,Christopher Compton,2298,2031-10-07
19,south one,Denise Richard,2234,2032-09-04
20,more space,Teresa Pineda,2314,2031-11-13
21,generation sit,Cynthia Myers,2545,2032-06-15
22,try set,David Powers,369,2029-08-13
23,sell natural,Mark Smith,2719,2030-09-13
24,why interest,Mike Thomas,1246,2034-02-03
25,sea sister,Dr. Scott Smith,3409,2025-09-28
26,method nice,Scott Ortega,4577,2028-10-28
27,forward south,Wayne Torres,4605,2030-03-04
28,say foreign,Natalie Rubio,2077,2026-03-21
29,answer region,Leon Clark,3087,2025-02-24
30,each ever,Ashley Evans,3414,2034-02-15
31,whose beat,George Hale,4918,2027-08-15
32,remember range,Molly Watts,4290,2034-09-13
33,fish hear,Steven Shelton,2364,2027-06-10
34,physical learn,Tamara Williams,126,2028-06-03
35,a within,Amanda Patel,2704,2030-06-15
36,else popular,Richard Wiggins,2365,2029-10-28
37,this work,David Moore,1675,2031-01-29
38,hospital professor,Rachel Sandoval,4291,2028-03-05
39,resource goal,Melissa Carroll,2029,2027-10-27
40,where figure,Kayla West,2957,2029-10-06
41,consumer thought,Lauren Diaz,2289,2025-06-18
42,source light,Bonnie Howard,4381,2033-03-07
43,teach institution,Melanie Griffith,4150,2026-12-10
44,southern success,Cody Werner,900,2030-04-20
45,hospital sound,Sarah Gonzalez,3211,2029-04-30
46,should add,Samuel Norton,3475,2034-09-04
47,above some,Briana Smith,3203,2031-02-24
48,might husband,Kim Mccullough,727,2029-08-07
49,collection how,Mary Dunlap,4697,2033-04-08
50,avoid chair,Heather Hopkins,3812,2029-11-05
51,thus language,Adam Jennings,2349,2031-06-20
52,develop author,Phillip Diaz,3408,2025-05-11
53,then maintain,Jenny Thomas,4968,2028-05-28
54,dark someone,Sydney Sullivan,391,2032-09-05
55,husband like,Judy Hart,3850,2032-09-21
56,camera week,Roberto Henderson,2246,2027-10-05
57,day day,Jason Jones,3223,2030-12-10
58,interview anything,Michael Ellis,4470,2030-08-23
59,opportunity pass,John Bennett,4315,2032-04-19
60,thing way,Rhonda Roberts,3543,2030-05-21
61,this everything,Monique Lawson,3345,2025-08-12
62,day list,Erin Mcdaniel,3135,2031-10-07
63,provide goal,Mathew Rasmussen,3326,2029-11-24
64,remain start,George Johnson,4363,2028-04-09
65,moment side,Katherine Vaughn,759,2028-11-01
66,political contain,Colin Reyes,1820,2028-06-02
67,step really,Krystal Weaver,576,2026-02-23
68,young age,Zachary Green,2534,2025-11-07
69,answer might,James Harrington,1330,2029-11-06
70,use nearly,Wayne Neal,2728,2032-04-26
71,draw three,Troy Miller,2468,2027-10-26
72,determine environment,Lori Dean,1430,2025-10-22
73,sister Mrs,Douglas Carter,322,2034-05-28
74,society itself,Julie Morgan,3669,2033-02-08
75,city kind,Yvonne Stephens,4307,2028-02-15
76,remember sport,Catherine Vaughan,1745,2032-01-26
77,require interesting,Lori Solis,2488,2030-01-03
78,sell under,Breanna Smith,1664,2032-07-09
79,enough prove,Susan Gardner,918,2029-02-17
80,pay entire,Chad Harrington,4097,2026-03-22
81,economy lead,Richard Parker,4120,2031-06-01
82,per firm,Beth Anderson,2487,2025-04-15
83,clear situation,Patricia Martin,2360,2026-11-13
84,them leader,Amanda Valencia,2902,2025-06-14
85,boy black,Raymond Lopez,2069,2029-11-04
86,audience build,Patrick Mcclure,4261,2027-02-09
87,ask event,Michele Callahan,4083,2030-07-03
88,Democrat ten,Sarah Jordan DVM,4283,2031-07-08
89,worry continue,James Ruiz,3484,2025-06-18
90,also compare,Keith Harris,4997,2033-07-18
91,matter security,Kimberly Mullins,1360,2027-05-04
92,shoulder student,Scott Brooks,771,2028-12-22
93,us as,Brenda White,888,2027-08-29
94,bed beautiful,Paul Flynn,2318,2033-03-06
95,hour away,Donald Hurley,3650,2030-01-24
96,bag model,Lisa Mills,3182,2030-05-06
97,theory believe,Paul Hahn,2987,2032-11-08
98,for cell,Matthew Evans,1453,2031-05-01
99,need fear,Ryan Garcia,3736,2033-05-29
100,sing five,Jennifer Gilbert,2683,2027-08-08
101,determine bed,Nathan Ramsey,3042,2032-08-25
102,high quite,Janet Sullivan,2136,2031-02-09
103,energy century,Jonathan Le,4435,2028-02-18
104,various end,Laura Gilbert,2627,2025-09-29
105,around and,Troy Sanchez,132,2027-08-19
106,among memory,Devin Shelton,2077,2033-05-07
107,he force,Justin Hernandez,2285,2028-05-16
108,very five,Ashley House,3056,2027-01-13
109,hotel day,Hector Thomas,2556,2028-10-18
110,still live,Natasha Harmon,1413,2030-04-01
111,teach foot,Miss Claudia Vasquez,74,2033-04-17
112,artist put,Courtney Mcmahon,3039,2025-05-26
113,idea treatment,Lisa Ingram MD,3187,2030-04-03
114,guess edge,Brittany Gomez,1922,2029-10-17
115,behind create,Dennis Hernandez,1337,2031-11-22
116,cultural consumer,Megan Escobar,4601,2029-02-14
117,have pattern,Lisa Wood,2376,2027-06-17
118,soon Mrs,Tina Huang,1765,2031-06-20
119,response trip,Shaun Walsh,2698,2030-04-20
120,stage over,Jose Gregory,1953,2029-07-04
121,throughout by,Joseph Stevenson,1100,2029-06-15
122,little process,Anthony Garcia MD,2578,2029-05-06
123,consumer course,Tiffany Herrera,1037,2033-06-28
124,always seek,Kathryn Henry,1383,2028-07-26
125,guy development,Christopher Day,4106,2026-12-24
126,money hotel,Dr. Cheryl Ray MD,3408,2032-12-01
127,thank free,Brett Thomas,4843,2026-03-29
128,many trouble,Jennifer Hughes,1624,2030-11-20
129,indicate key,Aaron Mitchell,4878,2034-05-04
130,leg spend,Douglas Lopez,971,2025-08-08
131,huge kind,Miss Michele Dean,992,2032-04-14
132,find quality,Jennifer Tucker,4125,2030-06-25
133,close dinner,Matthew Stewart,2050,2029-02-05
134,between director,Susan Garrison,3265,2031-09-06
135,general someone,Lynn Mack,1597,2031-12-15
136,pay size,Cathy Cooper,1415,2028-07-19
137,yourself not,Ryan Harrell,3744,2034-04-23
138,Republican else,William Dominguez,1336,2028-01-16
139,single nothing,James Rodriguez,1170,2029-08-05
140,side western,Nicholas Reed,3005,2028-04-18
141,yourself executive,Justin Odonnell,4296,2034-11-12
142,deal difference,David Baker,1925,2030-03-14
143,institution suffer,George Bates,828,2028-08-17
144,bill tonight,Brandon Graham,4926,2030-10-16
145,across summer,Alan Garcia,707,2030-01-18
146,per medical,Brent Williams,2962,2031-01-04
147,social listen,Rachel Serrano,493,2027-07-01
148,special way,Shane Walsh,4124,2025-05-30
149,may human,Brendan Rivera,3081,2030-04-23
150,heavy then,Brian Schmitt,150,2034-11-05
151,control certainly,Katherine James,3206,2031-01-27
152,quite on,Sean Allen,1951,2029-03-02
153,direction unit,Anthony Gordon,2693,2033-01-07
154,pay value,Jordan Chen,1991,2027-03-01
155,boy soon,Amy White,2182,2032-05-31
156,especially identify,Autumn Myers,2664,2025-09-30
157,show situation,Amber Price,2776,2026-02-01
158,quickly economic,Victor Garcia,393,2031-12-19
159,health cause,Mark Rodriguez,1923,2027-01-23
160,prevent industry,Mr. Michael Smith,188,2032-10-24
161,reveal store,Theresa Sanchez,2270,2029-05-26
162,view where,Christopher Griffin,1622,2033-10-22
163,wind media,Cindy Aguirre,4999,2035-01-01
164,suggest chance,Jonathan Anderson,1569,2033-03-19
165,carry real,Sherri Klein,3921,2032-09-18
166,culture simple,Kyle Romero,751,2025-03-26
167,race why,Joseph Shaffer,733,2030-04-28
168,economic time,Emily Burns DDS,3160,2025-03-26
169,employee range,Eric Bennett,412,2025-10-31
170,fire science,Thomas Scott,3595,2027-08-28
171,vote hospital,David White,3898,2032-08-05
172,street kitchen,Brittany Reed,3431,2029-12-23
173,improve reality,Heather Herring,2421,2025-01-18
174,piece happy,Mary Vazquez,718,2032-01-30
175,always after,Jonathon Palmer,862,2027-06-18
176,far body,Michael Bryant,980,2026-11-03
177,talk fill,Robert Kaufman,1379,2034-01-08
178,try role,Alice Hernandez,1415,2028-03-23
179,car focus,Laura Bryant,1861,2030-01-03
180,beat until,Edward Gordon,3074,2028-09-30
181,picture happen,Tammy Williams,1634,2025-02-01
182,common culture,Jerry Allen,4650,2027-05-21
183,interesting lay,Erica Wright,760,2027-10-26
184,cost similar,Jeffrey Vaughn,4516,2030-05-13
185,summer serve,Brian Huynh,2733,2033-04-01
186,popular office,Lisa Castaneda,454,2026-10-27
187,mean across,Sara Jimenez,2097,2033-07-12
188,society those,Gerald Torres,3197,2029-01-16
189,successful finish,Dylan Jones,3723,2025-06-16
190,clear issue,Jennifer Stark,3551,2026-10-07
191,too green,Steven Swanson,4715,2028-08-15
192,Democrat church,Terry Kennedy,700,2034-05-08
193,arm sense,Crystal Thomas,4860,2031-09-15
194,party expert,Anthony Quinn,1125,2030-03-01
195,light ground,Rachel Nunez,3049,2030-02-16
196,Republican fine,Bryan Parks,3932,2030-07-02
197,those public,Adrienne Lucas,2366,2027-11-15
198,teach positive,Annette Brown,3787,2030-06-19
199,physical step,David Hayes,4174,2032-11-19
200,our budget,Geoffrey Rodriguez,3298,2030-03-15
201,or never,John Johnson,3159,2033-12-04
202,also weight,Nicholas Johnson,4443,2030-09-18
203,key race,Sabrina Zamora,3542,2028-09-19
204,recognize us,Calvin Reed,2487,2025-11-23
205,decade thus,Joanna Jackson,1403,2027-02-20
206,design study,James Francis,1919,2034-04-10
207,half lose,Jill Dunn,4988,2031-10-04
208,but get,Courtney Long,742,2025-09-07
209,body film,Mary Cummings,4180,2031-04-13
210,hotel some,Joseph Matthews,1630,2029-06-02
211,early high,Samantha Schaefer,3283,2025-12-26
212,always manager,Tiffany Evans,3395,2033-12-04
213,on people,Rachel Baldwin,323,2026-07-10
214,goal tonight,Ashley Cline,511,2032-11-15
215,their hour,Rebecca Wilson,1090,2033-05-15
216,southern service,Brittney Barnes,721,2028-01-18
217,skin television,Krystal Brock,4868,2034-09-16
218,recognize product,Heather Reyes,4831,2034-10-09
219,she better,Alexis Schmidt,4538,2026-03-28
220,attack assume,Jacqueline Nelson,3997,2026-06-04
221,movie real,James Floyd,3983,2027-08-26
222,anything ask,Maria Hawkins,2144,2033-08-23
223,necessary still,Ashley White,2243,2027-02-01
224,now risk,Joshua Dixon,1157,2034-12-31
225,then truth,Hannah Frye,915,2029-04-05
226,level along,Henry Drake,1402,2028-07-12
227,style never,Kelsey Gomez,3189,2026-09-26
228,get soon,Debbie Lopez,1717,2028-11-03
229,start lose,Ashley Thomas,3024,2031-06-01
230,wind model,Michael Kennedy,2350,2032-06-12
231,person relate,Cheryl Sharp,1793,2025-06-20
232,time appear,Mason Williams,726,2034-01-14
233,have action,Jared Harris,915,2030-10-08
234,suffer couple,Shannon Werner,3579,2034-04-16
235,table goal,Stephanie Singh,3491,2030-09-17
236,after offer,Bradley Lang,2328,2026-06-27
237,money short,Susan Adams,2026,2029-08-31
238,upon second,Eric Lowe,2100,2026-06-25
239,price camera,Joshua Berg,2039,2027-03-11
240,hope personal,Rebecca Lambert,496,2030-10-11
241,popular rule,Thomas Palmer,3434,2027-01-19
242,blue record,John Scott,2357,2025-06-21
243,manage TV,Randy Hansen,480,2029-12-07
244,exist most,Brian Barnett,318,2029-05-31
245,forward keep,Veronica Rogers,1590,2028-11-04
246,from race,Richard Lyons,614,2028-07-26
247,senior available,Kathy Brandt,4438,2025-01-24
248,national money,Justin Harris,3972,2027-03-14
249,production time,Sandy Davies,1186,2031-09-18
250,decade discussion,Charles Frost,2710,2031-02-07
251,human boy,Kelli Gutierrez,3080,2034-08-19
252,never return,Kimberly Lawrence,2180,2034-11-19
253,its new,Brenda Miller,2802,2033-07-17
254,laugh role,Timothy Colon,4416,2027-05-25
255,government daughter,Kristin Parker,3391,2034-02-10
256,heavy any,Joseph Stephens,525,2030-09-21
257,brother mean,Richard Hayes,2635,2033-11-22
258,someone back,Kevin Morrow,3564,2031-04-03
259,mother special,Tammy Conner,1461,2032-09-04
260,exactly run,David Peters,978,2030-01-30
261,after life,Jacob Dunlap,2755,2025-01-20
262,soon life,Kevin Moses,2489,2032-01-25
263,room difference,Thomas Norris,4106,2028-02-03
264,evidence beyond,Brandon Allen,390,2033-08-14
265,something amount,Kelsey Robertson,925,2032-09-22
266,Mrs Republican,Jennifer Jackson,2977,2034-04-21
267,skill green,Michael Gonzalez,3560,2028-02-14
268,dream a,Lauren Novak,1021,2031-11-18
269,break close,Joshua Brewer,3542,2028-05-24
270,ok various,Reginald Garcia,3927,2030-05-25
271,environmental finally,Mary Mcdonald,1099,2026-10-21
272,wrong recent,Greg Griffin,3945,2032-06-08
273,guy case,Brenda Davis,966,2029-11-29
274,all yet,Eileen Peterson,1234,2032-06-15
275,prove song,Brandon Trujillo,4468,2026-02-26
276,yeah ability,Anthony Roth,994,2032-07-20
277,PM development,Trevor Ford,4819,2032-02-19
278,firm his,Ms. Susan Oliver,2274,2034-06-24
279,nice matter,Brett Warren PhD,3961,2030-06-29
280,himself half,Carolyn Torres,3269,2027-04-09
281,white gas,Mary Wilson,2507,2028-05-02
282,two my,Colton Wolfe,2980,2033-07-20
283,strong read,Amanda Christensen,721,2027-03-01
284,street drop,James Doyle,834,2030-04-30
285,computer account,Mrs. Amber Morrow,2795,2029-05-18
286,street goal,Kimberly Neal,162,2030-10-21
287,expert analysis,Ricardo Lowe,3623,2027-09-25
288,last assume,Vincent Rivera,716,2029-09-23
289,what our,Scott Moreno,3666,2033-07-07
290,society control,Jennifer Chavez,4796,2032-10-30
291,teach majority,Lisa Hart,2495,2026-08-13
292,down western,Elizabeth Arnold,764,2029-11-03
293,so include,Theresa Valdez,3364,2028-08-30
294,couple side,Dustin Watson,4838,2034-11-23
295,since argue,David Gilmore,3973,2033-12-05
296,magazine hour,Dakota Mckee,1579,2025-10-08
297,sing whole,Jason Bryant,343,2030-08-06
298,time last,Gregory Lucas,212,2032-10-12
299,someone entire,Tara Obrien,1270,2027-07-04
300,soldier behavior,Ryan Rodriguez,4942,2034-09-01
301,enter task,Patrick Gonzales,153,2025-07-23
302,perform matter,Rodney Fisher,1820,2032-10-10
303,pull war,Sylvia Robinson,2060,2028-08-28
304,record like,Dr. Benjamin Bryan,522,2026-05-26
305,opportunity recent,James Massey,3259,2026-12-22
306,history mention,Joseph Ward,1809,2031-07-25
307,about cause,Andrew Meyers,1609,2025-03-01
308,high through,Cynthia Farmer,3043,2030-02-22
309,including century,Cameron Gray,1704,2031-01-21
310,first there,Maurice Garcia,2388,2032-08-04
311,art pretty,Jamie Lowe,4245,2027-12-05
312,happen I,Julia Hatfield,1875,2034-08-14
313,size big,Kimberly Garcia,4548,2027-03-15
314,evidence these,Sarah Solis,867,2027-06-30
315,reflect new,Emily Johnson,108,2026-06-04
316,capital house,Sarah Meyer,1204,2025-08-04
317,capital evening,Amy Myers,532,2030-03-07
318,maybe between,Rachel Webb,4000,2033-01-18
319,stuff leader,Victoria Guerrero,3127,2032-10-01
320,her wife,Kaitlyn Brown,178,2026-09-22
321,involve full,Carlos Miller,571,2029-09-15
322,look significant,Peter Ramirez,892,2029-03-25
323,sign generation,Emma Moss,4145,2031-05-01
324,relationship guess,Connie Smith,2209,2032-03-29
325,how special,Joanna Young,1743,2026-01-01
326,value education,Ms. Nicole Schneider MD,152,2030-07-31
327,activity money,Katherine Jones,4689,2033-05-15
328,seek represent,Stephanie Sparks,1664,2026-05-06
329,best heart,Lisa Moore,3529,2034-09-11
330,candidate push,Ashley Coffey,3036,2028-12-07
331,type magazine,Pamela Drake,4040,2025-07-23
332,you cultural,Michael Mendez,2563,2026-03-09
333,similar reality,Brian Davis,1536,2033-04-07
334,would as,Michael Lara,3518,2028-05-05
335,mention help,Nicholas Campbell,4669,2027-03-17
336,community opportunity,Ann Porter,425,2025-08-27
337,political with,Julia Bennett,2672,2034-01-21
338,keep measure,James Ewing,2457,2028-11-09
339,pressure someone,Mary Thompson,3179,2031-11-29
340,to her,Amanda Hunter,2567,2032-12-24
341,president bank,Brittany Allen,945,2031-02-08
342,international address,Joshua Harvey,1595,2034-10-28
343,enough something,Andrew Ali,3616,2033-03-27
344,bring hair,Rachel Pham,4836,2028-09-03
345,lawyer bring,Laura Miller,4740,2025-12-05
346,edge travel,Beth Alvarez,4679,2032-10-09
347,decision two,Howard Ross,3250,2032-04-06
348,knowledge law,Jennifer Lewis,3133,2034-03-17
349,direction star,Misty Ramsey,421,2033-01-14
350,answer economic,Corey Gregory,2726,2030-05-15
351,friend get,Kimberly Foley,1787,2033-01-10
352,show somebody,Morgan Jones,1870,2032-06-13
353,look property,Daniel Wise MD,1973,2031-09-03
354,consumer move,Christopher Curry,2176,2033-05-16
355,ball trouble,Robert Cook,3716,2029-08-26
356,grow school,Cristian Alexander,1321,2026-04-18
357,avoid feel,Robert Wade,3838,2028-11-02
358,ten customer,Bobby White,4978,2032-06-18
359,party a,Michelle Soto,957,2027-12-27
360,could environmental,Victoria Gardner,2533,2032-07-03
361,produce ask,Rita Fox,4487,2030-10-25
362,particular investment,Brent Brown,3598,2031-11-13
363,too professor,Monica Cruz,1784,2029-02-11
364,daughter assume,Brianna Holmes,111,2028-08-23
365,follow officer,Derek Koch,837,2032-05-13
366,if account,Nicole Wright DDS,2684,2026-10-31
367,require place,Gerald Flynn,3930,2027-09-08
368,market assume,Morgan Benjamin,4208,2029-07-21
369,building suffer,Natalie Banks MD,1675,2032-10-31
370,certainly adult,Lori Moore,278,2025-06-20
371,determine identify,Kylie Jones,4471,2029-05-02
372,type trouble,Samuel Jones,1445,2030-01-29
373,case realize,John Yoder,1764,2028-07-22
374,spring item,Alexander Mercado,2212,2033-10-01
375,true meet,Jerry Torres,1682,2033-10-28
376,table much,Bryan Thomas,1382,2028-04-18
377,machine later,Paula Williams,1348,2032-04-06
378,name grow,Devin Smith,4740,2034-10-24
379,else move,Mercedes Thornton,709,2034-04-12
380,into law,Tyler Santiago,3736,2029-09-17
381,politics strategy,Madison Guerrero,668,2031-06-09
382,baby indeed,Jennifer Flores,4267,2029-03-02
383,ten into,Jennifer Williams,3328,2027-10-14
384,property stand,Kristina Watson,2937,2028-08-13
385,board agent,William Roberts,2237,2033-12-09
386,live teacher,Alicia Miller,937,2032-09-26
387,common power,Kathy Wilson,3048,2028-10-15
388,less least,Lisa Lowery,4688,2030-09-26
389,agree appear,Kelly Lewis,4488,2025-10-20
390,could population,Daniel James,3444,2026-04-28
391,person indeed,Jason Gonzalez,3493,2025-07-10
392,trial short,Ana Martin,2468,2027-11-18
393,medical official,Dawn Thomas,2318,2027-10-05
394,idea people,Carlos Black,75,2027-03-17
395,occur ahead,James Weaver,1397,2028-10-05
396,result issue,Sandra Miller,4983,2026-09-24
397,pattern candidate,Kimberly Harris,2538,2028-01-26
398,marriage writer,Jeremy Foley,1845,2034-02-11
399,account although,Kerri Hughes,1338,2028-08-14
400,capital too,Daryl Romero,4044,2030-01-07
401,life player,Tammie Patterson,4278,2032-05-13
402,from maybe,Amber Brown,4632,2026-04-04
403,through huge,William Andrews,1915,2031-06-16
404,risk money,Carlos Harris,1365,2025-01-05
405,until education,John Wilson,1752,2026-04-01
406,national author,Joshua Cardenas,4810,2030-07-29
407,past technology,Ryan Roberts,2596,2032-02-29
408,conference record,Leslie Henderson,3923,2025-11-16
409,fish case,Susan Smith,3825,2026-06-04
410,work wife,Robert Johnston,207,2031-03-09
411,miss buy,Sarah Garcia,738,2028-04-07
412,care send,James Bowen,454,2029-03-16
413,smile image,Nicholas Cobb,934,2027-09-21
414,official price,Nicholas Burns,2428,2025-09-12
415,require already,Troy Clark,2992,2034-02-26
416,including people,Christopher Norris,4441,2028-12-26
417,type investment,Travis Williams,4345,2031-06-22
418,participant morning,Lisa Camacho,2993,2034-06-20
419,civil affect,Chad Potter,3605,2027-10-25
420,like difficult,Jay Jacobson,4299,2029-02-01
421,school increase,William Collier,4017,2033-07-06
422,sit catch,Patricia Vazquez,1421,2032-01-30
423,sometimes recognize,Bethany Gilmore,3818,2034-07-28
424,board together,Daniel Lee,1376,2031-02-24
425,loss above,Adam Tyler,343,2030-02-20
426,magazine movement,Kim Sullivan,4618,2033-05-31
427,challenge to,Angela Edwards,169,2030-08-25
428,attack discussion,Marissa Cantu,1235,2030-08-01
429,nation on,Joseph Casey,4683,2028-06-26
430,but spring,Timothy Aguilar,3063,2031-02-04
431,sell because,Samantha Robinson,4092,2030-09-17
432,strategy consumer,Matthew Schmitt MD,2603,2033-07-19
433,some shake,Michael Anderson,4953,2025-05-21
434,tough first,Kimberly Rosario,2217,2033-03-22
435,western final,Rachael Conrad,900,2026-07-30
436,site add,Nicholas Gould,2343,2031-11-19
437,generation say,Crystal Burke,3763,2028-11-28
438,fill make,Mr. Miguel Stuart,1122,2033-10-18
439,response none,Bruce Ramirez,4144,2031-02-19
440,everything personal,Hannah Thomas,654,2029-08-30
441,town attorney,Leslie Mitchell,1385,2034-06-17
442,boy agree,Rebecca Ali,3933,2025-04-01
443,score write,Jerry Hartman,1836,2032-02-20
444,list shake,Karla Johnson,3063,2026-02-16
445,far music,Elizabeth Mclaughlin,3418,2032-06-10
446,loss every,Kimberly Obrien,3147,2029-04-09
447,building can,Kimberly Hernandez,4988,2026-07-07
448,development participant,Caitlin Rice,3097,2027-04-06
449,serious pass,Dylan Hernandez,3979,2031-03-30
450,experience stock,Katherine Anderson,2365,2030-05-17
451,someone audience,Kevin Shelton,852,2029-07-16
452,its charge,Rachel Diaz,2234,2026-03-10
453,population rock,Rebecca Bishop,2660,2028-10-30
454,pay American,Evelyn Hoffman,4338,2030-08-01
455,first up,Eric Barron,1885,2027-03-16
456,test hotel,Nicole Barnes,3794,2029-06-25
457,hundred speech,Jay Kim,4302,2025-02-28
458,street few,Tara Brown,4632,2029-03-29
459,vote base,Kristina Harris,4440,2029-11-03
460,series throughout,Eric Martin,1447,2031-01-01
461,street remember,Jesse Barnes,1077,2029-08-10
462,among information,Daniel Russell,2289,2031-08-17
463,pay never,Barry Ward,1375,2034-03-26
464,improve what,Katrina Kaufman,1235,2025-12-29
465,call might,Michael Bell,928,2029-03-04
466,social goal,Christine Travis,755,2028-06-19
467,all what,Kimberly Ferguson,65,2032-03-28
468,I process,Christopher Freeman,2455,2028-12-13
469,lawyer foot,Alicia Erickson,2243,2029-01-11
470,support part,Benjamin Beasley,3871,2031-09-30
471,what participant,David Garcia,3911,2029-05-06
472,drug Democrat,David Thompson,4621,2025-01-25
473,note unit,Pamela Johnson,3275,2028-01-20
474,easy sound,Melissa Collins,1079,2033-01-21
475,among a,Nicole Chaney,2669,2029-07-15
476,science physical,Andrea Gregory,490,2026-09-02
477,wish ball,Dr. Lisa Fritz,3784,2028-06-18
478,try sea,Anthony Sanders,2713,2031-07-13
479,church commercial,Jesse Kennedy,359,2033-08-31
480,space traditional,Daniel Jones,1032,2028-07-17
481,follow billion,Dawn Long,2095,2033-05-28
482,firm week,Emma Jimenez,3310,2030-01-20
483,employee more,Susan Hale,1552,2028-07-31
484,capital thing,Nichole Hammond,92,2033-03-09
485,road quickly,Samuel Rodriguez Jr.,4999,2025-11-17
486,although high,Jesse Garza,4503,2027-08-15
487,shake then,John Collins,3946,2032-03-08
488,center firm,Julie Griffith,681,2032-09-05
489,political design,Martin Johnson,329,2025-03-11
490,on identify,Robert Garcia,2607,2034-03-03
491,car section,Amy Flores,1170,2032-11-06
492,report run,Jeffrey Haney,4714,2032-08-15
493,painting natural,Kelly Gonzalez,1678,2033-09-10
494,water light,Gloria Roy,619,2034-09-08
495,speak right,Evan Russell,3020,2025-07-10
496,military and,Kaitlyn Watson,1482,2026-03-05
497,pattern then,Brandon Mcconnell,1645,2030-09-18
498,third miss,Hunter Mays,2596,2027-05-12
499,strategy leader,Frank Pratt,2056,2028-10-16
500,eye fill,Eric Cooke,685,2034-05-09
501,occur buy,Bethany Bowen,3584,2034-12-04
502,wear fight,Eric Thomas,4534,2027-01-31
503,notice management,Ashley Duran,2959,2030-06-21
504,evidence act,Eric Cowan,1804,2026-08-05
505,again part,Corey Turner,2179,2031-06-28
506,shoulder yard,Derek Goodman,1378,2025-04-15
507,effort none,Cameron Werner,1607,2031-12-11
508,value avoid,Derek Long,2348,2027-09-07
509,over billion,Laura Richardson,4957,2030-12-01
510,arrive south,Leah Baker,4270,2031-04-02
511,parent born,Randy Duarte,1764,2028-05-22
512,activity or,Nancy Thompson,2069,2032-06-27
513,wide and,Christina Blankenship,3039,2026-02-18
514,center democratic,Joseph Riley,1604,2029-05-04
515,if all,Kelly Pratt,3699,2025-06-26
516,buy community,Christopher Santos,2762,2031-08-13
517,road staff,Tammy Ramos,3802,2029-11-20
518,world character,David Sims,521,2027-10-16
519,me church,Benjamin Mitchell,3881,2030-09-18
520,rule she,Brian Patrick,3431,2034-07-20
521,author any,Brittany Porter,2029,2026-05-01
522,six eight,Lisa Coleman,1549,2028-05-29
523,employee building,Kenneth Martin,1656,2026-09-08
524,stop phone,Nicole Gomez,347,2029-05-05
525,true power,Bradley Johnson,569,2032-07-03
526,maybe focus,Walter Harris,2640,2032-04-14
527,red consumer,John White,737,2032-02-08
528,industry church,Brittany Little,4496,2030-09-14
529,avoid keep,Audrey Scott,2144,2033-02-18
530,business wonder,Steven Turner,1685,2025-06-08
531,avoid perhaps,Lisa Daniels,1042,2030-05-10
532,yet impact,Tricia Beck,2497,2025-04-21
533,increase green,Louis Cooke,167,2028-04-06
534,risk identify,Stephanie Sanchez,3197,2028-06-14
535,support show,Michael Williams,4685,2026-07-24
536,score apply,Susan Winters,64,2025-02-22
537,small computer,Ashley Gordon,3151,2025-11-19
538,lose security,Heather Smith PhD,1361,2026-06-26
539,in voice,Luis Watson,3887,2033-03-06
540,suffer fine,Chelsea Lopez,4442,2031-10-20
541,single learn,Mark Diaz,1544,2025-03-02
542,individual recently,Charles Bird,1208,2032-09-04
543,bar lot,Ryan Sandoval,1257,2032-01-25
544,now relate,Lisa Austin,1683,2029-04-13
545,ability will,Tiffany Velez,1745,2025-08-11
546,bad company,Jessica Vasquez,915,2032-11-14
547,there generation,Carol Mullins,2336,2030-01-23
548,bag avoid,Zachary Garrett,2266,2028-08-07
549,traditional factor,Ruth Riley,1746,2025-02-24
550,enter shoulder,Jacob Kelly,3355,2030-11-01
551,local have,Jonathan Kennedy,4223,2032-05-11
552,camera into,Brendan Turner,3091,2031-11-04
553,cover for,Oscar Johnson,4109,2027-05-07
554,including role,Raymond Burch,2137,2027-05-07
555,whole actually,Scott Jacobs,4863,2034-04-18
556,usually save,Leon Molina,1864,2033-12-12
557,add base,Nicholas Davis,2414,2025-10-04
558,smile mean,Christopher Garcia,4843,2028-03-15
559,story sport,Michael Rodriguez,3026,2027-12-04
560,push serious,Miranda Lewis,3659,2032-06-15
561,very north,Brian Stuart,4456,2033-05-02
562,camera make,Bethany Decker,3741,2029-07-02
563,trade year,Jennifer Parrish,4320,2028-09-21
564,this physical,Timothy Morales,2891,2032-01-19
565,result size,Jennifer Williams,1264,2033-01-05
566,decision marriage,Deanna Rowe,300,2032-05-14
567,mention artist,Jonathan Jones,952,2034-04-23
568,finish use,Kim Herrera DVM,3489,2032-01-30
569,near service,Karen Harper,3223,2028-09-09
570,agreement study,George Roberts,2476,2033-07-06
571,certainly table,Sharon Lewis,4527,2032-04-28
572,analysis commercial,Brian Hull,3031,2030-09-03
573,business vote,Steven Carter,4180,2027-06-13
574,card customer,Tracey Scott,1690,2031-03-30
575,eight about,Christopher Neal,4662,2028-09-14
576,job memory,David Deleon,1838,2033-03-26
577,like go,Kimberly Bennett,1958,2033-05-09
578,affect great,Tracy Skinner,717,2032-10-17
579,simply campaign,Connor Lewis,744,2025-05-13
580,such leg,David Castillo,2345,2034-10-26
581,American represent,Lauren Fox,3246,2029-03-16
582,fine health,Ashley Sullivan,2607,2026-11-21
583,down stuff,Michael Hardin,4022,2030-06-01
584,toward specific,Ariel Green,103,2027-04-28
585,tree character,Lisa Lee,1474,2026-10-09
586,world fast,Thomas Dillon,3313,2031-03-11
587,good apply,Bridget Anderson,1535,2032-02-28
588,approach court,Victoria Newman,4194,2029-05-09
589,responsibility late,Katie Ayers,1449,2033-12-08
590,organization set,Ashley Richardson,673,2032-06-27
591,make success,Madison Gordon,4363,2027-09-02
592,fall agreement,Frank Griffith,4064,2034-12-26
593,game model,David Robertson,4664,2029-08-09
594,source care,Anne Cummings,2611,2028-12-31
595,even current,Malik Allen,1966,2028-02-16
596,talk teacher,Michael Hodges,2485,2029-12-11
597,simply dog,Brittany Francis,1929,2028-08-18
598,it stop,Susan Olson,1375,2029-03-27
599,almost production,Jason Martin,4173,2029-02-19
600,between including,Kristopher Stewart II,1772,2028-11-21
601,this need,Dennis Walker,4317,2031-01-19
602,week teach,Raymond Mitchell,2142,2030-01-31
603,community activity,Jason Yates,3899,2029-10-14
604,scene such,Amy Reeves,3930,2029-06-07
605,court against,Randy Garcia,3468,2030-09-18
606,head test,Jenny Barajas,4994,2031-10-15
607,beat student,David Stone,4526,2033-11-09
608,including strategy,Jennifer Chen,1698,2026-12-30
609,computer again,Brian Patterson,4483,2029-11-20
610,give middle,Andrew Sanders,2844,2027-04-04
611,base event,Don Ramirez,2589,2028-04-06
612,space teach,Dominique Cooper,2764,2031-01-18
613,ago identify,Luke Robinson,3370,2030-07-11
614,best there,Rebecca Smith,2280,2032-06-10
615,institution someone,Christopher Arnold,1742,2033-10-06
616,end none,Patrick Schroeder,3369,2028-02-15
617,control federal,Mrs. Linda Lee,2581,2026-08-17
618,reduce difficult,Lucas George,961,2025-08-23
619,suddenly stage,Christian Moore,4528,2032-01-22
620,mouth heavy,Eric Clark,1739,2028-07-02
621,tell record,Sherri Martinez,1151,2029-02-25
622,main machine,Charles Johnson,3754,2025-02-10
623,training training,Katherine Lucero,4825,2026-01-29
624,actually father,Richard Wood,4315,2032-03-09
625,perhaps prove,Patrick Richards,3280,2028-05-29
626,member of,Shawn Walker,2268,2033-03-03
627,wear else,Mr. Brian Cooper,795,2025-01-12
628,themselves take,Daniel Pierce,2803,2026-08-20
629,oil early,Dr. Christopher Gutierrez MD,4740,2027-09-06
630,large option,Karina Jenkins,410,2026-10-07
631,build physical,Jacob Powell,1776,2026-10-02
632,fast magazine,Cheryl Zuniga,2225,2032-06-04
633,two require,Lynn Elliott,2705,2027-12-19
634,cell thought,Laura Howe,4744,2026-02-17
635,cut democratic,Elizabeth Walls,4632,2027-08-31
636,board reveal,Sharon Rowe,2657,2034-02-24
637,the analysis,Diane Mata,4101,2034-08-04
638,group employee,Samantha Kelly,3346,2034-01-11
639,leg remember,Michael Lee MD,4334,2025-09-11
640,they that,Kelsey Rollins,4568,2033-06-30
641,page very,Bethany Anderson,695,2032-03-14
642,situation pressure,Charles Parks,1998,2030-10-29
643,responsibility base,Jacob Mendez,2741,2031-09-06
644,produce of,Taylor Macdonald,3211,2034-12-04
645,professional Mr,Tyler Andrews,272,2029-07-31
646,full skill,Sylvia Rose,65,2027-03-26
647,seem important,Terri Hardin,2339,2031-06-29
648,watch season,Frank King PhD,1400,2028-08-01
649,thought Congress,Jennifer Jones,1259,2030-04-04
650,message daughter,Susan Farmer,2051,2030-12-26
651,green science,Rhonda Gutierrez,4141,2025-12-02
652,understand trial,Todd Arnold,910,2027-06-09
653,travel scene,Susan Duncan,2275,2025-11-08
654,school table,Alex Hall,4770,2033-03-09
655,party small,Christopher Bauer,1424,2029-12-24
656,get they,William Johnson,453,2033-02-23
657,special around,Richard Reed,2593,2032-11-21
658,perhaps approach,Lance Poole,1168,2029-05-06
659,outside sense,Cathy Fletcher,4253,2028-09-27
660,will sign,Natalie Barrett,4811,2028-04-18
661,data large,Patty Jimenez,1598,2026-07-09
662,send through,Taylor Hensley,4172,2028-01-03
663,student great,Alison Rogers,876,2027-04-13
664,bed newspaper,Aaron Clements,63,2025-10-17
665,every least,Christian Martinez,2340,2028-10-13
666,well color,Jessica Aguilar,4439,2025-12-10
667,southern down,Samantha Kaufman,577,2030-12-17
668,coach analysis,Howard Lutz,1479,2027-08-12
669,during middle,Crystal Johnson,2164,2025-03-30
670,sit present,Daisy Stewart,2866,2028-01-05
671,firm shake,Desiree Richards,4493,2030-06-19
672,hair which,Briana Best,4371,2032-11-03
673,remember debate,Eric Mendoza,3083,2032-02-27
674,charge continue,Sarah Griffith DVM,1201,2033-10-28
675,deep still,Christy Graham,2300,2028-03-19
676,trial minute,Thomas Patel,2373,2025-02-13
677,prepare boy,Joshua Kelly,4432,2030-10-04
678,citizen article,Charles Lloyd,1230,2030-05-23
679,behind voice,Jacqueline Melendez,2427,2030-06-30
680,first claim,Michael Williams,2136,2026-03-27
681,tell future,Charlotte Reyes,775,2029-04-06
682,impact listen,David Stewart,652,2032-04-07
683,thus federal,Christopher Becker,389,2027-01-22
684,role blood,Lisa Newton,3347,2025-03-28
685,include sometimes,Patrick Perez,732,2028-02-20
686,practice yeah,Austin Murphy,1268,2028-11-18
687,building form,Rachael Castro,4164,2030-04-29
688,society smile,Zachary Hoover,2576,2028-01-04
689,different pick,Sarah Brady,572,2032-01-31
690,size bank,Jeremy Proctor,4991,2027-04-20
691,lawyer pay,Patricia Rodriguez,1730,2032-03-13
692,stay discuss,Christina Le,1624,2031-08-05
693,raise cup,Connie Molina,2053,2025-05-26
694,early thought,Evan Peterson,855,2029-01-15
695,argue hair,Samantha Olsen MD,4704,2029-09-30
696,apply resource,Cole Campbell,4604,2026-09-30
697,challenge idea,Jerry Saunders,2512,2026-06-28
698,hair newspaper,James Frederick,1020,2033-09-30
699,job each,Michael Hubbard,572,2026-07-26
700,box big,Katelyn Taylor,2874,2032-02-03
701,same allow,Joe Park,4413,2026-05-07
702,five south,John Campbell,1698,2025-01-07
703,response Mr,Jason Brewer,1125,2030-12-05
704,care find,Elizabeth Smith,1824,2025-03-15
705,strategy phone,Dr. Jessica Ward PhD,2308,2025-03-20
706,policy nearly,Paul Andersen,4868,2030-11-18
707,give market,Connie Pratt,1935,2030-11-08
708,specific evidence,Thomas Johnson,2738,2025-10-03
709,amount data,Michael Rice,2434,2032-05-12
710,between cost,Tara Lopez,2221,2031-08-02
711,industry field,Lauren Bradley,126,2026-01-14
712,shake sing,Scott Wheeler,2864,2030-11-25
713,Congress dark,Charles Young,322,2033-04-11
714,recognize long,Dominic Mcdonald,266,2026-08-06
715,decide around,Jessica Gutierrez,3200,2030-06-28
716,animal region,Melissa Quinn,369,2027-03-07
717,story customer,John White,3157,2028-02-23
718,parent from,Jessica Brooks,1084,2029-07-08
719,number yes,Kevin Johnson,187,2030-10-24
720,serve theory,Jessica Pacheco,2289,2032-06-21
721,born let,Timothy Wallace,1061,2032-01-13
722,among among,Samantha Chandler,1788,2026-08-07
723,idea receive,Cory Thompson,3236,2025-06-14
724,least send,Jacob Adams,2255,2031-06-19
725,risk make,Javier Taylor,3108,2025-05-29
726,situation right,Eric Nolan,710,2028-09-19
727,beyond item,Sydney Williams,2521,2028-11-19
728,writer common,Jacqueline Tucker,2771,2028-05-14
729,popular dark,Patricia Wells,2751,2029-01-13
730,store hour,Angel Ford,4869,2033-10-18
731,sister audience,Jeremy Perkins,3600,2032-04-24
732,age able,Megan Torres,1771,2033-07-16
733,easy ever,Jeremy Moss,4474,2027-12-16
734,third wear,Robert Frost,2834,2028-05-19
735,opportunity strategy,Karen Frank,1184,2026-08-17
736,easy cover,Erin Hernandez,2112,2027-02-23
737,later billion,Jonathan Blackburn,3717,2030-08-19
738,here employee,Cheryl Davis,592,2027-06-06
739,sometimes inside,Richard Gordon,1184,2033-11-04
740,hot task,Ricardo Brooks,3658,2031-11-02
741,goal drug,Joel James,2674,2032-08-12
742,physical between,Charles Burns,4769,2025-06-10
743,process structure,Lindsay Thomas,4076,2034-04-17
744,performance material,John Lee,1765,2034-06-02
745,local business,Angela Hernandez,3473,2032-07-27
746,increase stock,Bethany Robinson,4551,2027-10-21
747,second together,Karina Meadows,3526,2032-03-26
748,scientist behind,Patricia Williams,4263,2034-06-19
749,skin road,Brandon Oliver,1210,2034-10-14
750,effort seven,Christine Knight,4734,2027-04-09
751,teach worker,Michael Thomas,4068,2028-09-21
752,learn here,Katherine Mckinney,4770,2026-02-20
753,cultural because,Samuel West,4282,2026-07-05
754,parent force,Brian Washington,999,2028-05-02
755,change sell,Michelle Quinn DDS,3599,2027-07-14
756,drop place,Kristin Foster,1061,2032-07-02
757,serve all,Sarah Jones,191,2028-01-16
758,across small,Michael Beard,782,2032-07-29
759,thus several,Robert Burnett,2693,2032-12-06
760,statement woman,Leah Becker,823,2031-03-15
761,yeah military,Shannon Bailey,74,2029-07-13
762,firm strong,Willie Gray,2774,2029-04-19
763,say might,Stephanie Jones,213,2029-04-19
764,list traditional,Robert Spencer,748,2028-08-24
765,specific green,Daniel Robinson,2825,2031-11-09
766,process friend,Clarence Ramirez,2948,2027-07-12
767,upon spring,Erika Tate,113,2033-12-06
768,up girl,Curtis Davis,4134,2031-05-12
769,fear base,Sonya Jacobs,2560,2029-08-09
770,trouble letter,Matthew Carr,3745,2029-10-06
771,so require,Michael Gibson,4337,2031-03-12
772,occur adult,John Ellison,130,2032-08-31
773,simply sit,Matthew Rodriguez,2892,2026-11-22
774,mean recognize,Benjamin Torres,3516,2034-03-10
775,happy example,Amy Mullen,2813,2029-11-01
776,deal tree,Joan Cooper,4689,2025-06-12
777,sister debate,Michael Gutierrez,4869,2027-06-08
778,matter century,Luis Sutton,515,2033-06-18
779,store care,Morgan Barnes,2006,2032-08-12
780,despite wall,Dale Riley,2859,2029-02-10
781,there own,Roger Ramirez,712,2028-12-08
782,wide many,Erin Ramirez,907,2030-01-23
783,factor mention,Kristen Romero,2030,2033-02-10
784,of believe,Stephanie Oliver,730,2029-07-20
785,thousand able,Sue Goodman,2026,2025-10-18
786,local box,Helen Johnson,1209,2030-10-06
787,someone environment,William Cooper,2295,2032-06-26
788,part yet,Christine Rhodes,3696,2033-01-18
789,network experience,Samantha Parrish,3081,2032-01-30
790,bring fact,Matthew Cook,158,2034-02-13
791,try every,Steven Stewart,4074,2029-03-28
792,discover each,Harold Zavala,3052,2025-12-17
793,land drive,Brian Wright,4558,2026-02-18
794,risk address,Ryan Spencer,2350,2029-02-19
795,least sort,Kathleen Winters,985,2031-08-23
796,though property,Amber Hill,511,2031-08-13
797,left price,Aaron Jordan,2888,2031-11-16
798,environment home,Paul Donovan,2368,2031-08-29
799,might total,Matthew Carroll,1470,2034-03-13
800,experience south,Jade Brown,4599,2034-08-25
801,increase run,Matthew Mays,1886,2033-07-27
802,wait war,Morgan Johnson,4586,2031-09-27
803,hundred remain,Stephanie Miller,3083,2026-03-25
804,air check,Anthony Cooper,1215,2032-09-21
805,area man,Evelyn Schneider,4220,2034-02-09
806,final upon,Dana Scott,2052,2028-12-01
807,group major,Calvin Brown,2834,2034-03-27
808,drug history,Anthony Bush,2149,2025-05-22
809,value draw,Matthew Brown,4609,2027-04-07
810,speech work,Barry Fletcher,2909,2029-03-06
811,treatment manage,Teresa Brown,1450,2029-11-01
812,church raise,Shannon Parker,1906,2029-10-10
813,sing city,Kelly Kemp,3062,2027-12-18
814,sound avoid,Kimberly Sloan,2201,2033-03-25
815,music list,Cynthia Dorsey,1259,2031-10-04
816,north close,Christopher Harris,3231,2032-11-08
817,set kitchen,Brandon Collier,2983,2027-06-25
818,audience win,Jacob Conley,808,2030-03-06
819,as bit,Sarah Brown,1117,2027-08-23
820,actually despite,Christopher Riddle,3668,2030-03-04
821,off now,Kelsey Cameron,3901,2025-10-16
822,popular old,Todd Anderson,4812,2027-02-28
823,TV final,Erika Liu,4932,2028-06-29
824,music tend,Matthew Carter,1500,2025-04-09
825,where song,Jesus Coleman DVM,3446,2027-02-08
826,street seven,Meredith Aguilar,2523,2034-05-21
827,including degree,Amber Hess,2701,2026-09-27
828,or improve,Thomas Chambers,265,2027-01-06
829,energy yard,Bruce Moore,1070,2029-04-08
830,magazine not,Kelli Cooper,526,2027-10-30
831,city chair,Cynthia Hunt,4461,2026-01-24
832,instead art,Brandi Garcia,317,2028-03-18
833,place same,Tina Bolton,4453,2030-04-18
834,father half,Pamela Obrien,1825,2031-02-23
835,front bank,Jason Lawson,579,2032-06-21
836,money career,Micheal Green,724,2031-02-10
837,modern interview,James Mercer,3278,2033-05-17
838,popular soldier,Crystal Robertson,3700,2033-09-03
839,a attack,Dr. Stephanie Green,392,2031-11-23
840,increase she,Cory Bass,1822,2030-12-15
841,artist process,Mary Grant,2336,2031-09-28
842,close ground,Charles Maldonado,3126,2029-02-27
843,dog wife,Jeremy Cruz,1504,2032-07-25
844,still choice,Amber Smith,3339,2032-04-10
845,tough for,Keith Vaughn,2062,2026-06-11
846,I home,Mario Romero,4218,2034-03-09
847,play tonight,Katie Smith,1922,2030-10-17
848,probably prevent,Alyssa Strong,1972,2030-06-14
849,collection assume,Christine Becker,2788,2026-03-31
850,exactly action,Brian Morton,2218,2030-05-04
851,several travel,Tammy Reyes,2755,2025-05-06
852,again everybody,Dana Rivera,4235,2030-02-03
853,here capital,Stephanie Ramos,3101,2030-12-30
854,yeah store,Jasmine Edwards,1969,2030-03-23
855,hit will,Eric Smith,4667,2032-02-22
856,white question,Lisa Gordon,2991,2027-08-28
857,pattern structure,Yvonne Jordan,4025,2027-03-31
858,environmental learn,Margaret Booth,429,2025-09-22
859,individual air,Kimberly Hernandez,3448,2034-06-20
860,book might,Diana Riddle,1616,2025-05-25
861,blood glass,Mrs. Jessica Johnson,2684,2025-05-30
862,community upon,Michael Scott,1853,2025-09-07
863,produce expect,Vanessa Hooper,4513,2030-03-25
864,their right,Pam Jacobson,3703,2027-05-02
865,heavy with,Victor Clark,3719,2034-08-07
866,different grow,Taylor Levine,4342,2028-09-09
867,high alone,Brittany Herrera,3704,2027-06-08
868,structure save,Kelly Villegas,4684,2030-09-21
869,team hospital,Yolanda Sullivan,493,2026-09-19
870,industry television,Alison Campbell,1310,2029-09-10
871,candidate late,Jason Green,2046,2033-07-28
872,three trip,Heather Vargas,4895,2032-02-25
873,its official,Ryan Wood,2491,2033-06-06
874,nature pay,Elizabeth Rodriguez,2156,2031-09-11
875,after baby,Douglas Murphy,4876,2027-02-11
876,military activity,Daniel Conley,2306,2025-04-21
877,age site,Natasha Mcclain,2014,2031-09-01
878,yet two,Jeffrey Bailey,3242,2032-07-15
879,seek green,Pamela Lawrence,713,2032-06-10
880,mention evening,George Simmons,239,2029-11-23
881,material develop,Dawn Hernandez,2611,2031-11-10
882,including work,Leslie Bryant,4997,2028-11-02
883,appear prevent,April Rich,2421,2029-10-23
884,there investment,Ronnie Dorsey MD,4706,2027-04-11
885,staff understand,Matthew Harper,262,2027-09-20
886,write dog,Jennifer Nixon,1434,2027-01-01
887,wear candidate,Charles Porter,4586,2029-03-05
888,kitchen serious,Kathleen Richardson,639,2029-04-01
889,born commercial,Vanessa Russell,4507,2025-10-21
890,total investment,Robert Howard,3140,2028-04-27
891,consumer account,Stephanie Byrd,4421,2034-03-24
892,sense cell,Steven Keith,2084,2030-05-26
893,tree answer,Kenneth Bailey,4436,2032-05-18
894,network leg,Angel Scott,4715,2033-03-24
895,keep woman,David Shepherd,4257,2025-08-03
896,pretty purpose,David Chang,4537,2025-12-19
897,team law,Patricia Pacheco,2064,2026-10-07
898,good month,Melissa White,685,2034-04-12
899,free into,Mrs. Elizabeth Smith,3245,2032-06-29
900,expert in,Jesus Herrera,1006,2025-09-07
901,sense outside,Christina Miller,2137,2031-12-16
902,fast mouth,Rebecca Whitney,1760,2030-03-30
903,color win,David Hernandez,2524,2025-11-27
904,surface two,David Hines,1220,2034-09-22
905,camera right,Tonya Jackson,4413,2026-10-03
906,safe risk,William Boyle,4418,2032-02-06
907,past structure,Marcia Green,951,2029-06-13
908,good blue,Daniel Villa,3315,2029-07-11
909,task last,Christopher Wilson,488,2030-11-14
910,election travel,Tracy Cabrera,3907,2030-03-02
911,space which,Jeremy Thompson,2206,2031-01-23
912,way call,Eric Alexander,4551,2026-06-17
913,modern turn,Amanda Fleming,1306,2029-03-13
914,theory tonight,Cody King,522,2032-11-22
915,minute behavior,Joan Morris,286,2032-01-21
916,discover evening,Charles Williams,3588,2027-02-21
917,those left,John Roberts,357,2026-12-29
918,south dream,Mrs. Megan Pugh,543,2029-04-06
919,each nice,Jasmine Davis,1478,2025-05-22
920,peace find,Beth Black,491,2034-03-11
921,conference past,James Ray,2547,2032-11-23
922,degree bad,Gerald Diaz,3728,2034-08-01
923,my around,Anita Wallace,2388,2026-07-20
924,view popular,Melinda Garcia,1831,2033-08-09
925,third stop,Austin Hobbs,4181,2030-12-08
926,know game,William Thomas,3857,2034-12-07
927,day expert,Michael Nelson,2761,2027-07-03
928,paper instead,Steven Owens,2697,2031-10-11
929,action middle,Joshua Johnson,1051,2027-05-23
930,scientist seek,Kelsey Murillo,2154,2026-02-19
931,worker ground,Jay Brooks,2332,2029-04-21
932,job person,William Armstrong,2233,2032-09-07
933,increase know,Jacob Flores,4361,2029-05-20
934,boy return,Michele Garcia,1225,2027-04-26
935,direction today,Mackenzie Hodge,3845,2030-03-10
936,interview increase,Christina Macias,3023,2031-04-12
937,effect little,Katherine Gibson,2741,2027-08-20
938,finally matter,Anthony Clark MD,2093,2030-05-08
939,who why,Amber Deleon,3208,2028-10-05
940,field draw,Jamie Mitchell,2417,2027-01-04
941,guess modern,Victoria Hall,2054,2031-07-24
942,southern effort,Stacey Dorsey,85,2028-08-14
943,community man,Amanda Mason,1104,2025-01-02
944,information per,Douglas Sanders,2448,2030-08-28
945,apply something,Andrea Roberts,3463,2029-07-06
946,want crime,Kevin Copeland,1739,2027-10-11
947,onto however,Steven Baker,1982,2027-02-22
948,clearly color,Bruce Moon,4708,2034-12-09
949,statement keep,Jeffrey Chambers,975,2029-06-18
950,she thought,Eric Guzman,3804,2030-05-08
951,during perform,Megan Arnold,1800,2033-10-20
952,hot police,Derrick Chandler,2807,2034-12-19
953,end morning,Ashley Sanchez,3777,2027-07-24
954,shake main,Michelle Macdonald,4922,2031-11-13
955,Congress single,Ashley Scott,1806,2026-08-30
956,war glass,Nicholas Smith,1799,2026-08-28
957,respond want,Michael Wells,4004,2030-01-23
958,level establish,Cory Palmer,1718,2029-03-09
959,how choose,Samantha West DVM,3223,2028-02-02
960,economic see,Michael Williams,3820,2029-02-04
961,miss most,James Kirby,4886,2026-04-18
962,begin season,Kimberly Porter,4503,2026-02-12
963,down require,Benjamin Ramos,4803,2030-04-23
964,hotel build,Corey Meadows,4521,2026-09-13
965,already election,Patricia Walker,698,2029-05-14
966,gun poor,Maria Morris,2083,2026-03-24
967,can door,Laura Tapia,2270,2026-05-25
968,wish same,Derrick Nixon,2986,2025-06-21
969,cell country,Joseph Bernard,1101,2033-11-06
970,conference free,Renee Burnett,162,2030-09-19
971,lawyer college,Matthew Woods,1545,2029-02-17
972,appear election,Kevin Moore,194,2031-07-20
973,word result,Chad Butler,4298,2034-07-29
974,company down,Matthew Smith,3887,2025-03-07
975,tell late,Carol Lyons,4771,2030-09-29
976,hair special,Jessica Harris,2160,2033-07-09
977,main finally,Robert Anderson,1398,2033-12-16
978,debate heavy,Scott David,1789,2029-08-30
979,this know,Laura Garcia,768,2032-01-16
980,big conference,Michael Campbell,597,2027-05-06
981,perhaps soon,Charles Powell,106,2025-03-18
982,himself candidate,Walter Johnston,776,2032-01-06
983,test Mrs,Joseph Bowman,1008,2028-10-13
984,guy talk,Bradley French,954,2029-11-06
985,century democratic,Juan Valentine,3470,2032-10-05
986,account common,Bryan Lin,2848,2030-01-07
987,generation worker,Samantha Schultz,1351,2027-10-23
988,design success,Lauren Kirk,556,2025-01-18
989,officer plant,Monica Harrison,168,2028-11-15
990,knowledge the,Jason Smith,2995,2026-12-18
991,ago medical,Susan Kelly,1758,2033-09-17
992,certainly camera,Andrew Chapman,58,2031-04-21
993,model each,Danielle Hernandez,2814,2028-09-21
994,part trouble,Margaret Morales,3176,2032-12-13
995,land everything,Jared Johnson,50,2030-06-01
996,data anyone,Gregory Wolfe Jr.,752,2027-05-24
997,quite treat,Jacqueline Gonzalez,2264,2027-06-26
998,cover those,John Jones,4063,2026-04-06
999,woman employee,Donna Ward,3919,2029-08-07
1000,air five,Heather Pierce,4594,2033-07-03
